Workbook

Sheet Element Library
A1: QS ELEMENT LIBRARY — SECTION / SUB SECTION / SUB ELEMENT
A2: Standard coding list for BoQ takeoff — Structure, Architecture, MEP & External Works. Aligned to the project Budget Code framework.
A3: Each Sub Element links to one or more standard Descriptions on the Description Library sheet.
A5: No. | B5: Discipline | C5: Budget Code | D5: Section | E5: Sub Section | F5: Sub Element | G5: Typical Unit | H5: No. of Desc. | I5: Default Description | J5: Key
A6: 1 | B6: Civil and Structure | C6: A.04 | D6: Sub Structure | E6: Site Preparation & Earthwork | F6: Site Clearing | G6: m2 | H6: 1 | I6: Site clearing, grubbing and removal of vegetation and debris off site | J6: Sub Structure|Site Preparation & Earthwork|Site Clearing
A7: 2 | B7: Civil and Structure | C7: A.04 | D7: Sub Structure | E7: Site Preparation & Earthwork | F7: Excavation | G7: m3 | H7: 1 | I7: Bulk excavation by machine incl. trimming and levelling of formation | J7: Sub Structure|Site Preparation & Earthwork|Excavation
A8: 3 | B8: Civil and Structure | C8: A.04 | D8: Sub Structure | E8: Site Preparation & Earthwork | F8: Backfill | G8: m3 | H8: 1 | I8: Backfilling with approved material in 200mm layers incl. compaction to 95% MDD | J8: Sub Structure|Site Preparation & Earthwork|Backfill
A9: 4 | B9: Civil and Structure | C9: A.04 | D9: Sub Structure | E9: Site Preparation & Earthwork | F9: Soil Disposal | G9: m3 | H9: 1 | I9: Cart away surplus excavated material off site incl. tipping fee | J9: Sub Structure|Site Preparation & Earthwork|Soil Disposal
A10: 5 | B10: Civil and Structure | C10: A.04 | D10: Sub Structure | E10: Site Preparation & Earthwork | F10: Compaction | G10: m2 | H10: 1 | I10: Compaction of formation to 95% MDD incl. watering and testing | J10: Sub Structure|Site Preparation & Earthwork|Compaction
A11: 6 | B11: Civil and Structure | C11: A.04 | D11: Sub Structure | E11: Site Preparation & Earthwork | F11: Dewatering | G11: Lot | H11: 1 | I11: Dewatering incl. pumps, sump pits, piping and maintenance during construction | J11: Sub Structure|Site Preparation & Earthwork|Dewatering
A12: 7 | B12: Civil and Structure | C12: A.04 | D12: Sub Structure | E12: Site Preparation & Earthwork | F12: Levelling & Setting Out | G12: m2 | H12: 1 | I12: Setting out, levelling and establishment of benchmarks and grid lines | J12: Sub Structure|Site Preparation & Earthwork|Levelling & Setting Out
A13: 8 | B13: Civil and Structure | C13: B.02 | D13: Sub Structure | E13: Shoring & Sheet Pile | F13: Sheet Pile Supply | G13: m2 | H13: 1 | I13: Supply of steel sheet pile, hot rolled section as per design | J13: Sub Structure|Shoring & Sheet Pile|Sheet Pile Supply
A14: 9 | B14: Civil and Structure | C14: B.02 | D14: Sub Structure | E14: Shoring & Sheet Pile | F14: Sheet Pile Driving | G14: m2 | H14: 1 | I14: Driving of steel sheet pile to required depth incl. plant and equipment | J14: Sub Structure|Shoring & Sheet Pile|Sheet Pile Driving
A15: 10 | B15: Civil and Structure | C15: B.02 | D15: Sub Structure | E15: Shoring & Sheet Pile | F15: Sheet Pile Extraction | G15: m2 | H15: 1 | I15: Extraction of steel sheet pile and making good of voids | J15: Sub Structure|Shoring & Sheet Pile|Sheet Pile Extraction
A16: 11 | B16: Civil and Structure | C16: B.02 | D16: Sub Structure | E16: Shoring & Sheet Pile | F16: Strut & Waler | G16: kg | H16: 1 | I16: Steel strut and waler incl. fabrication, installation and removal | J16: Sub Structure|Shoring & Sheet Pile|Strut & Waler
A17: 12 | B17: Civil and Structure | C17: B.02 | D17: Sub Structure | E17: Shoring & Sheet Pile | F17: Ground Anchor | G17: Nos | H17: 1 | I17: Ground anchor incl. drilling, grouting, stressing and testing | J17: Sub Structure|Shoring & Sheet Pile|Ground Anchor
... A523: 518 | B523: External Works | C523: G.05 | D523: External Work | E523: External fixture | F523: Playground / sport court | G523: Lot | H523: 1 | I523: Playground / sport court incl. surfacing, marking and equipment | J523: External Work|External fixture|Playground / sport court

Sheet Description Library
A1: DESCRIPTION LIBRARY — STANDARD BoQ DESCRIPTIONS (MATERIAL TYPE)
A2: One or more standard descriptions per Sub Element. "In Price List = Yes" means a rate already exists in the current project Price List.
A3: Copy the Description into the Material Type column of Raw Data. Edit sizes / grades to match the specification before pricing.
A5: No. | B5: Discipline | C5: Budget Code | D5: Section | E5: Sub Section | F5: Sub Element | G5: Description (Material Type) | H5: Unit | I5: In Price List | J5: Current Rate ($) | K5: Key
A6: 1 | B6: Civil and Structure | C6: A.04 | D6: Sub Structure | E6: Site Preparation & Earthwork | F6: Site Clearing | G6: Site clearing, grubbing and removal of vegetation and debris off site | H6: m2 | I6: - | K6: Sub Structure|Site Preparation & Earthwork|Site Clearing|Site clearing, grubbing and removal of vegetation and debris off site
A7: 2 | B7: Civil and Structure | C7: A.04 | D7: Sub Structure | E7: Site Preparation & Earthwork | F7: Excavation | G7: Bulk excavation by machine incl. trimming and levelling of formation | H7: m3 | I7: - | K7: Sub Structure|Site Preparation & Earthwork|Excavation|Bulk excavation by machine incl. trimming and levelling of formation
A8: 3 | B8: Civil and Structure | C8: A.04 | D8: Sub Structure | E8: Site Preparation & Earthwork | F8: Backfill | G8: Backfilling with approved material in 200mm layers incl. compaction to 95% MDD | H8: m3 | I8: - | K8: Sub Structure|Site Preparation & Earthwork|Backfill|Backfilling with approved material in 200mm layers incl. compaction to 95% MDD
A9: 4 | B9: Civil and Structure | C9: A.04 | D9: Sub Structure | E9: Site Preparation & Earthwork | F9: Soil Disposal | G9: Cart away surplus excavated material off site incl. tipping fee | H9: m3 | I9: - | K9: Sub Structure|Site Preparation & Earthwork|Soil Disposal|Cart away surplus excavated material off site incl. tipping fee
A10: 5 | B10: Civil and Structure | C10: A.04 | D10: Sub Structure | E10: Site Preparation & Earthwork | F10: Compaction | G10: Compaction of formation to 95% MDD incl. watering and testing | H10: m2 | I10: - | K10: Sub Structure|Site Preparation & Earthwork|Compaction|Compaction of formation to 95% MDD incl. watering and testing
A11: 6 | B11: Civil and Structure | C11: A.04 | D11: Sub Structure | E11: Site Preparation & Earthwork | F11: Dewatering | G11: Dewatering incl. pumps, sump pits, piping and maintenance during construction | H11: Lot | I11: - | K11: Sub Structure|Site Preparation & Earthwork|Dewatering|Dewatering incl. pumps, sump pits, piping and maintenance during construction
A12: 7 | B12: Civil and Structure | C12: A.04 | D12: Sub Structure | E12: Site Preparation & Earthwork | F12: Levelling & Setting Out | G12: Setting out, levelling and establishment of benchmarks and grid lines | H12: m2 | I12: - | K12: Sub Structure|Site Preparation & Earthwork|Levelling & Setting Out|Setting out, levelling and establishment of benchmarks and grid lines
A13: 8 | B13: Civil and Structure | C13: B.02 | D13: Sub Structure | E13: Shoring & Sheet Pile | F13: Sheet Pile Supply | G13: Supply of steel sheet pile, hot rolled section as per design | H13: m2 | I13: - | K13: Sub Structure|Shoring & Sheet Pile|Sheet Pile Supply|Supply of steel sheet pile, hot rolled section as per design
A14: 9 | B14: Civil and Structure | C14: B.02 | D14: Sub Structure | E14: Shoring & Sheet Pile | F14: Sheet Pile Driving | G14: Driving of steel sheet pile to required depth incl. plant and equipment | H14: m2 | I14: - | K14: Sub Structure|Shoring & Sheet Pile|Sheet Pile Driving|Driving of steel sheet pile to required depth incl. plant and equipment
A15: 10 | B15: Civil and Structure | C15: B.02 | D15: Sub Structure | E15: Shoring & Sheet Pile | F15: Sheet Pile Extraction | G15: Extraction of steel sheet pile and making good of voids | H15: m2 | I15: - | K15: Sub Structure|Shoring & Sheet Pile|Sheet Pile Extraction|Extraction of steel sheet pile and making good of voids
A16: 11 | B16: Civil and Structure | C16: B.02 | D16: Sub Structure | E16: Shoring & Sheet Pile | F16: Strut & Waler | G16: Steel strut and waler incl. fabrication, installation and removal | H16: kg | I16: - | K16: Sub Structure|Shoring & Sheet Pile|Strut & Waler|Steel strut and waler incl. fabrication, installation and removal
A17: 12 | B17: Civil and Structure | C17: B.02 | D17: Sub Structure | E17: Shoring & Sheet Pile | F17: Ground Anchor | G17: Ground anchor incl. drilling, grouting, stressing and testing | H17: Nos | I17: - | K17: Sub Structure|Shoring & Sheet Pile|Ground Anchor|Ground anchor incl. drilling, grouting, stressing and testing
... A20: 15 | B20: Civil and Structure | C20: B.01 | D20: Sub Structure | E20: Bored Pile | F20: Bored Pile Boring | G20: Bored piling D800mm incl. boring, casing and disposal of spoil | H20: m | I20: - | K20: Sub Structure|Bored Pile|Bored Pile Boring|Bored piling D800mm incl. boring, casing and disposal of spoil
A21: 16 | B21: Civil and Structure | C21: B.01 | D21: Sub Structure | E21: Bored Pile | F21: Concrete | G21: Normal Concrete, 35Mpa (Cylinder), Slump 13+-2.5 | H21: m3 | I21: Yes | J21: 121.76 | K21: Sub Structure|Bored Pile|Concrete|Normal Concrete, 35Mpa (Cylinder), Slump 13+-2.5
A22: 17 | B22: Civil and Structure | C22: B.01 | D22: Sub Structure | E22: Bored Pile | F22: Concrete | G22: Normal Concrete, 35Mpa (Cylinder), Slump 15+-2.5 | H22: m3 | I22: Yes | J22: 119.36 | K22: Sub Structure|Bored Pile|Concrete|Normal Concrete, 35Mpa (Cylinder), Slump 15+-2.5
A23: 18 | B23: Civil and Structure | C23: B.01 | D23: Sub Structure | E23: Bored Pile | F23: Concrete | G23: Normal Concrete, 25Mpa (Cylinder), Slump 10+-2.5 | H23: m3 | I23: - | K23: Sub Structure|Bored Pile|Concrete|Normal Concrete, 25Mpa (Cylinder), Slump 10+-2.5
A24: 19 | B24: Civil and Structure | C24: B.01 | D24: Sub Structure | E24: Bored Pile | F24: Concrete | G24: Normal Concrete, 30Mpa (Cylinder), Slump 13+-2.5 | H24: m3 | I24: - | K24: Sub Structure|Bored Pile|Concrete|Normal Concrete, 30Mpa (Cylinder), Slump 13+-2.5
A25: 20 | B25: Civil and Structure | C25: B.01 | D25: Sub Structure | E25: Bored Pile | F25: Rebar | G25: Deform Bar, DB10(fy=390 Mpa) | H25: kg | I25: Yes | J25: 1.0176 | K25: Sub Structure|Bored Pile|Rebar|Deform Bar, DB10(fy=390 Mpa)
A26: 21 | B26: Civil and Structure | C26: B.01 | D26: Sub Structure | E26: Bored Pile | F26: Rebar | G26: Deform Bar, DB12(fy=390 Mpa) | H26: kg | I26: Yes | J26: 0.9832 | K26: Sub Structure|Bored Pile|Rebar|Deform Bar, DB12(fy=390 Mpa)
A27: 22 | B27: Civil and Structure | C27: B.01 | D27: Sub Structure | E27: Bored Pile | F27: Rebar | G27: Deform Bar, DB14(fy=390 Mpa) | H27: kg | I27: Yes | J27: 0.96 | K27: Sub Structure|Bored Pile|Rebar|Deform Bar, DB14(fy=390 Mpa)
A28: 23 | B28: Civil and Structure | C28: B.01 | D28: Sub Structure | E28: Bored Pile | F28: Rebar | G28: Deform Bar, DB16(fy=390 Mpa) | H28: kg | I28: Yes | J28: 0.9488 | K28: Sub Structure|Bored Pile|Rebar|Deform Bar, DB16(fy=390 Mpa)
A29: 24 | B29: Civil and Structure | C29: B.01 | D29: Sub Structure | E29: Bored Pile | F29: Rebar | G29: Deform Bar, DB20(fy=390 Mpa) | H29: kg | I29: Yes | J29: 0.9256 | K29: Sub Structure|Bored Pile|Rebar|Deform Bar, DB20(fy=390 Mpa)
A30: 25 | B30: Civil and Structure | C30: B.01 | D30: Sub Structure | E30: Bored Pile | F30: Rebar | G30: Deform Bar, DB25(fy=390 Mpa) | H30: kg | I30: Yes | J30: 0.9024 | K30: Sub Structure|Bored Pile|Rebar|Deform Bar, DB25(fy=390 Mpa)
A31: 26 | B31: Civil and Structure | C31: B.01 | D31: Sub Structure | E31: Bored Pile | F31: Rebar | G31: Deform Bar, DB32(fy=390 Mpa) | H31: kg | I31: Yes | J31: 0.8912 | K31: Sub Structure|Bored Pile|Rebar|Deform Bar, DB32(fy=390 Mpa)
A32: 27 | B32: Civil and Structure | C32: B.01 | D32: Sub Structure | E32: Bored Pile | F32: Rebar | G32: Round Bar, RB8(fy=250 Mpa) | H32: kg | I32: Yes | J32: 1.0064 | K32: Sub Structure|Bored Pile|Rebar|Round Bar, RB8(fy=250 Mpa)
A33: 28 | B33: Civil and Structure | C33: B.01 | D33: Sub Structure | E33: Bored Pile | F33: Rebar | G33: Round Bar, RB6(fy=250 Mpa) | H33: kg | I33: - | K33: Sub Structure|Bored Pile|Rebar|Round Bar, RB6(fy=250 Mpa)
A34: 29 | B34: Civil and Structure | C34: B.01 | D34: Sub Structure | E34: Bored Pile | F34: Steel Tie Wire | G34: Steel Tie Wire 1mm (Estimated 4% of Total Rebar Weight) | H34: kg | I34: Yes | J34: 1.404 | K34: Sub Structure|Bored Pile|Steel Tie Wire|Steel Tie Wire 1mm (Estimated 4% of Total Rebar Weight)
A35: 30 | B35: Civil and Structure | C35: B.01 | D35: Sub Structure | E35: Bored Pile | F35: Steel Round Pipe | G35: Steel Round Pipe (D49x2mm) with rush primer and paint | H35: kg | I35: Yes | J35: 6.84 | K35: Sub Structure|Bored Pile|Steel Round Pipe|Steel Round Pipe (D49x2mm) with rush primer and paint
A36: 31 | B36: Civil and Structure | C36: B.01 | D36: Sub Structure | E36: Bored Pile | F36: Bentonite / Slurry | G36: Bentonite / polymer slurry incl. mixing, circulation and disposal | H36: Lot | I36: - | K36: Sub Structure|Bored Pile|Bentonite / Slurry|Bentonite / polymer slurry incl. mixing, circulation and disposal
A37: 32 | B37: Civil and Structure | C37: B.01 | D37: Sub Structure | E37: Bored Pile | F37: Bored Pile Head Cutting | G37: Pile Head Cutting up to required level D1000mm | H37: Nos | I37: Yes | J37: 66 | K37: Sub Structure|Bored Pile|Bored Pile Head Cutting|Pile Head Cutting up to required level D1000mm
A38: 33 | B38: Civil and Structure | C38: B.01 | D38: Sub Structure | E38: Bored Pile | F38: Bored Pile Head Cutting | G38: Pile Head Cutting up to required level D800mm | H38: Nos | I38: Yes | J38: 48 | K38: Sub Structure|Bored Pile|Bored Pile Head Cutting|Pile Head Cutting up to required level D800mm
A39: 34 | B39: Civil and Structure | C39: B.01 | D39: Sub Structure | E39: Bored Pile | F39: Bored Pile Testing | G39: Sonic Logging Test (SLT) | H39: Nos | I39: Yes | J39: 55 | K39: Sub Structure|Bored Pile|Bored Pile Testing|Sonic Logging Test (SLT)
A40: 35 | B40: Civil and Structure | C40: B.01 | D40: Sub Structure | E40: Bored Pile | F40: Bored Pile Testing | G40: Pile Integrity Test (PIT) | H40: Nos | I40: - | K40: Sub Structure|Bored Pile|Bored Pile Testing|Pile Integrity Test (PIT)
A41: 36 | B41: Civil and Structure | C41: B.01 | D41: Sub Structure | E41: Bored Pile | F41: Bored Pile Coring | G41: Soil Coring for Bored Pile D1000mm, Depth 30m | H41: Nos | I41: Yes | J41: 385 | K41: Sub Structure|Bored Pile|Bored Pile Coring|Soil Coring for Bored Pile D1000mm, Depth 30m
A42: 37 | B42: Civil and Structure | C42: B.01 | D42: Sub Structure | E42: Bored Pile | F42: Bored Pile Coring | G42: Soil Coring for Bored Pile D800mm, Depth 30m | H42: Nos | I42: Yes | J42: 330 | K42: Sub Structure|Bored Pile|Bored Pile Coring|Soil Coring for Bored Pile D800mm, Depth 30m
A43: 38 | B43: Civil and Structure | C43: B.01 | D43: Sub Structure | E43: Bored Pile | F43: Pile Load Test | G43: Dynamic pile load test (PDA) | H43: Nos | I43: - | K43: Sub Structure|Bored Pile|Pile Load Test|Dynamic pile load test (PDA)
A44: 39 | B44: Civil and Structure | C44: B.01 | D44: Sub Structure | E44: Bored Pile | F44: Pile Load Test | G44: Static pile load test to 200% design working load | H44: Nos | I44: - | K44: Sub Structure|Bored Pile|Pile Load Test|Static pile load test to 200% design working load
A45: 40 | B45: Civil and Structure | C45: B.01 | D45: Sub Structure | E45: Bored Pile | F45: Rebar Testing | G45: Rebar Testing as per Specification | H45: Nos | I45: Yes | J45: 220 | K45: Sub Structure|Bored Pile|Rebar Testing|Rebar Testing as per Specification
A46: 41 | B46: Civil and Structure | C46: B.01 | D46: Sub Structure | E46: Bored Pile | F46: Concrete Testing | G46: Concrete cube / cylinder test as per specification | H46: Nos | I46: - | K46: Sub Structure|Bored Pile|Concrete Testing|Concrete cube / cylinder test as per specification
A47: 42 | B47: Civil and Structure | C47: B.01 | D47: Sub Structure | E47: Driven Pile / Micro Pile | F47: Pile Supply | G47: Supply of precast / spun pile as per design section | H47: m | I47: - | K47: Sub Structure|Driven Pile / Micro Pile|Pile Supply|Supply of precast / spun pile as per design section
A48: 43 | B48: Civil and Structure | C48: B.01 | D48: Sub Structure | E48: Driven Pile / Micro Pile | F48: Pile Driving | G48: Driving of precast / spun pile to required set incl. plant | H48: m | I48: - | K48: Sub Structure|Driven Pile / Micro Pile|Pile Driving|Driving of precast / spun pile to required set incl. plant
A49: 44 | B49: Civil and Structure | C49: B.01 | D49: Sub Structure | E49: Driven Pile / Micro Pile | F49: Pile Splicing | G49: Pile splicing by full penetration weld incl. splice plate | H49: Nos | I49: - | K49: Sub Structure|Driven Pile / Micro Pile|Pile Splicing|Pile splicing by full penetration weld incl. splice plate
A50: 45 | B50: Civil and Structure | C50: B.01 | D50: Sub Structure | E50: Driven Pile / Micro Pile | F50: Pile Head Cutting | G50: Pile head cutting and trimming to required cut-off level | H50: Nos | I50: - | K50: Sub Structure|Driven Pile / Micro Pile|Pile Head Cutting|Pile head cutting and trimming to required cut-off level
A51: 46 | B51: Civil and Structure | C51: B.01 | D51: Sub Structure | E51: Driven Pile / Micro Pile | F51: Pile Load Test | G51: Dynamic pile load test (PDA) | H51: Nos | I51: - | K51: Sub Structure|Driven Pile / Micro Pile|Pile Load Test|Dynamic pile load test (PDA)
A52: 47 | B52: Civil and Structure | C52: B.01 | D52: Sub Structure | E52: Driven Pile / Micro Pile | F52: Pile Load Test | G52: Static pile load test to 200% design working load | H52: Nos | I52: - | K52: Sub Structure|Driven Pile / Micro Pile|Pile Load Test|Static pile load test to 200% design working load
A53: 48 | B53: Civil and Structure | C53: B.03 | D53: Sub Structure | E53: Pile Cap & Stump | F53: Earthwork | G53: Soil Backfill | H53: m3 | I53: Yes | J53: 4.8 | K53: Sub Structure|Pile Cap & Stump|Earthwork|Soil Backfill
A54: 49 | B54: Civil and Structure | C54: B.03 | D54: Sub Structure | E54: Pile Cap & Stump | F54: Earthwork | G54: Soil Disposal | H54: m3 | I54: Yes | J54: 4.8 | K54: Sub Structure|Pile Cap & Stump|Earthwork|Soil Disposal
A55: 50 | B55: Civil and Structure | C55: B.03 | D55: Sub Structure | E55: Pile Cap & Stump | F55: Earthwork | G55: Soil Excavation | H55: m3 | I55: Yes | J55: 3.6 | K55: Sub Structure|Pile Cap & Stump|Earthwork|Soil Excavation
A56: 51 | B56: Civil and Structure | C56: B.03 | D56: Sub Structure | E56: Pile Cap & Stump | F56: Base Preparation | G56: Well Soil Compact | H56: m2 | I56: Yes | J56: 2.4 | K56: Sub Structure|Pile Cap & Stump|Base Preparation|Well Soil Compact
A57: 52 | B57: Civil and Structure | C57: B.03 | D57: Sub Structure | E57: Pile Cap & Stump | F57: Crush Stone | G57: Crush Stone 40x60mm 100mm Thk. | H57: m3 | I57: Yes | J57: 23.76 | K57: Sub Structure|Pile Cap & Stump|Crush Stone|Crush Stone 40x60mm 100mm Thk.
A58: 53 | B58: Civil and Structure | C58: B.03 | D58: Sub Structure | E58: Pile Cap & Stump | F58: Crush Stone | G58: Crush Stone 40x60mm 150mm Thk. | H58: m3 | I58: Yes | J58: 23.76 | K58: Sub Structure|Pile Cap & Stump|Crush Stone|Crush Stone 40x60mm 150mm Thk.
A59: 54 | B59: Civil and Structure | C59: B.03 | D59: Sub Structure | E59: Pile Cap & Stump | F59: Lean Concrete | G59: Lean Concrete, 15Mpa (Cylinder) | H59: m3 | I59: Yes | J59: 92.4 | K59: Sub Structure|Pile Cap & Stump|Lean Concrete|Lean Concrete, 15Mpa (Cylinder)
A60: 55 | B60: Civil and Structure | C60: B.03 | D60: Sub Structure | E60: Pile Cap & Stump | F60: Concrete | G60: Normal Concrete, 35Mpa (Cylinder), Slump 13+-2.5 | H60: m3 | I60: Yes | J60: 121.76 | K60: Sub Structure|Pile Cap & Stump|Concrete|Normal Concrete, 35Mpa (Cylinder), Slump 13+-2.5
A61: 56 | B61: Civil and Structure | C61: B.03 | D61: Sub Structure | E61: Pile Cap & Stump | F61: Concrete | G61: Normal Concrete, 35Mpa (Cylinder), Slump 15+-2.5 | H61: m3 | I61: Yes | J61: 119.36 | K61: Sub Structure|Pile Cap & Stump|Concrete|Normal Concrete, 35Mpa (Cylinder), Slump 15+-2.5
A62: 57 | B62: Civil and Structure | C62: B.03 | D62: Sub Structure | E62: Pile Cap & Stump | F62: Concrete | G62: Normal Concrete, 25Mpa (Cylinder), Slump 10+-2.5 | H62: m3 | I62: - | K62: Sub Structure|Pile Cap & Stump|Concrete|Normal Concrete, 25Mpa (Cylinder), Slump 10+-2.5
A63: 58 | B63: Civil and Structure | C63: B.03 | D63: Sub Structure | E63: Pile Cap & Stump | F63: Concrete | G63: Normal Concrete, 30Mpa (Cylinder), Slump 13+-2.5 | H63: m3 | I63: - | K63: Sub Structure|Pile Cap & Stump|Concrete|Normal Concrete, 30Mpa (Cylinder), Slump 13+-2.5
A64: 59 | B64: Civil and Structure | C64: B.03 | D64: Sub Structure | E64: Pile Cap & Stump | F64: Formwork | G64: Formwork | H64: m2 | I64: Yes | J64: 12.8 | K64: Sub Structure|Pile Cap & Stump|Formwork|Formwork
A65: 60 | B65: Civil and Structure | C65: B.03 | D65: Sub Structure | E65: Pile Cap & Stump | F65: Formwork | G65: Formwork to curved / special shape incl. erection and striking | H65: m2 | I65: - | K65: Sub Structure|Pile Cap & Stump|Formwork|Formwork to curved / special shape incl. erection and striking
A66: 61 | B66: Civil and Structure | C66: B.03 | D66: Sub Structure | E66: Pile Cap & Stump | F66: Formwork | G66: Formwork, plywood 18mm thk. incl. erection, bracing, oiling and striking | H66: m2 | I66: - | K66: Sub Structure|Pile Cap & Stump|Formwork|Formwork, plywood 18mm thk. incl. erection, bracing, oiling and striking
A67: 62 | B67: Civil and Structure | C67: B.03 | D67: Sub Structure | E67: Pile Cap & Stump | F67: Rebar | G67: Deform Bar, DB10(fy=390 Mpa) | H67: kg | I67: Yes | J67: 1.0176 | K67: Sub Structure|Pile Cap & Stump|Rebar|Deform Bar, DB10(fy=390 Mpa)
A68: 63 | B68: Civil and Structure | C68: B.03 | D68: Sub Structure | E68: Pile Cap & Stump | F68: Rebar | G68: Deform Bar, DB12(fy=390 Mpa) | H68: kg | I68: Yes | J68: 0.9832 | K68: Sub Structure|Pile Cap & Stump|Rebar|Deform Bar, DB12(fy=390 Mpa)
A69: 64 | B69: Civil and Structure | C69: B.03 | D69: Sub Structure | E69: Pile Cap & Stump | F69: Rebar | G69: Deform Bar, DB14(fy=390 Mpa) | H69: kg | I69: Yes | J69: 0.96 | K69: Sub Structure|Pile Cap & Stump|Rebar|Deform Bar, DB14(fy=390 Mpa)
A70: 65 | B70: Civil and Structure | C70: B.03 | D70: Sub Structure | E70: Pile Cap & Stump | F70: Rebar | G70: Deform Bar, DB16(fy=390 Mpa) | H70: kg | I70: Yes | J70: 0.9488 | K70: Sub Structure|Pile Cap & Stump|Rebar|Deform Bar, DB16(fy=390 Mpa)
A71: 66 | B71: Civil and Structure | C71: B.03 | D71: Sub Structure | E71: Pile Cap & Stump | F71: Rebar | G71: Deform Bar, DB20(fy=390 Mpa) | H71: kg | I71: Yes | J71: 0.9256 | K71: Sub Structure|Pile Cap & Stump|Rebar|Deform Bar, DB20(fy=390 Mpa)
A72: 67 | B72: Civil and Structure | C72: B.03 | D72: Sub Structure | E72: Pile Cap & Stump | F72: Rebar | G72: Deform Bar, DB25(fy=390 Mpa) | H72: kg | I72: Yes | J72: 0.9024 | K72: Sub Structure|Pile Cap & Stump|Rebar|Deform Bar, DB25(fy=390 Mpa)
A73: 68 | B73: Civil and Structure | C73: B.03 | D73: Sub Structure | E73: Pile Cap & Stump | F73: Rebar | G73: Deform Bar, DB32(fy=390 Mpa) | H73: kg | I73: Yes | J73: 0.8912 | K73: Sub Structure|Pile Cap & Stump|Rebar|Deform Bar, DB32(fy=390 Mpa)
A74: 69 | B74: Civil and Structure | C74: B.03 | D74: Sub Structure | E74: Pile Cap & Stump | F74: Rebar | G74: Round Bar, RB8(fy=250 Mpa) | H74: kg | I74: Yes | J74: 1.0064 | K74: Sub Structure|Pile Cap & Stump|Rebar|Round Bar, RB8(fy=250 Mpa)
A75: 70 | B75: Civil and Structure | C75: B.03 | D75: Sub Structure | E75: Pile Cap & Stump | F75: Rebar | G75: Round Bar, RB6(fy=250 Mpa) | H75: kg | I75: - | K75: Sub Structure|Pile Cap & Stump|Rebar|Round Bar, RB6(fy=250 Mpa)
A76: 71 | B76: Civil and Structure | C76: B.03 | D76: Sub Structure | E76: Pile Cap & Stump | F76: Steel Tie Wire | G76: Steel Tie Wire 1mm (Estimated 4% of Total Rebar Weight) | H76: kg | I76: Yes | J76: 1.404 | K76: Sub Structure|Pile Cap & Stump|Steel Tie Wire|Steel Tie Wire 1mm (Estimated 4% of Total Rebar Weight)
A77: 72 | B77: Civil and Structure | C77: B.03 | D77: Sub Structure | E77: Pile Cap & Stump | F77: Water Stop | G77: PVC Waterbar® V VN 20 (Width 200mm) | H77: m | I77: Yes | J77: 6.28 | K77: Sub Structure|Pile Cap & Stump|Water Stop|PVC Waterbar® V VN 20 (Width 200mm)
A78: 73 | B78: Civil and Structure | C78: B.03 | D78: Sub Structure | E78: Pile Cap & Stump | F78: Waterproofing | G78: Membrance sheet 2mm thk | H78: m2 | I78: Yes | J78: 9.68 | K78: Sub Structure|Pile Cap & Stump|Waterproofing|Membrance sheet 2mm thk
A79: 74 | B79: Civil and Structure | C79: B.03 | D79: Sub Structure | E79: Pile Cap & Stump | F79: Waterproofing | G79: Sika Waterproofing | H79: m2 | I79: Yes | J79: 9.12 | K79: Sub Structure|Pile Cap & Stump|Waterproofing|Sika Waterproofing
A80: 75 | B80: Civil and Structure | C80: B.03 | D80: Sub Structure | E80: Pile Cap & Stump | F80: Waterproofing | G80: Cementitious waterproofing, 2 coats, to wet area incl. up-turn 300mm | H80: m2 | I80: - | K80: Sub Structure|Pile Cap & Stump|Waterproofing|Cementitious waterproofing, 2 coats, to wet area incl. up-turn 300mm
A81: 76 | B81: Civil and Structure | C81: B.03 | D81: Sub Structure | E81: Pile Cap & Stump | F81: Anti-Termite | G81: Anti-Termite with Plastic Membrane | H81: m2 | I81: Yes | J81: 4 | K81: Sub Structure|Pile Cap & Stump|Anti-Termite|Anti-Termite with Plastic Membrane
A82: 77 | B82: Civil and Structure | C82: B.03 | D82: Sub Structure | E82: Footing / Raft Foundation | F82: Earthwork | G82: Soil Backfill | H82: m3 | I82: Yes | J82: 4.8 | K82: Sub Structure|Footing / Raft Foundation|Earthwork|Soil Backfill
A83: 78 | B83: Civil and Structure | C83: B.03 | D83: Sub Structure | E83: Footing / Raft Foundation | F83: Earthwork | G83: Soil Disposal | H83: m3 | I83: Yes | J83: 4.8 | K83: Sub Structure|Footing / Raft Foundation|Earthwork|Soil Disposal
A84: 79 | B84: Civil and Structure | C84: B.03 | D84: Sub Structure | E84: Footing / Raft Foundation | F84: Earthwork | G84: Soil Excavation | H84: m3 | I84: Yes | J84: 3.6 | K84: Sub Structure|Footing / Raft Foundation|Earthwork|Soil Excavation
A85: 80 | B85: Civil and Structure | C85: B.03 | D85: Sub Structure | E85: Footing / Raft Foundation | F85: Base Preparation | G85: Well Soil Compact | H85: m2 | I85: Yes | J85: 2.4 | K85: Sub Structure|Footing / Raft Foundation|Base Preparation|Well Soil Compact
A86: 81 | B86: Civil and Structure | C86: B.03 | D86: Sub Structure | E86: Footing / Raft Foundation | F86: Crush Stone | G86: Crush Stone 40x60mm 100mm Thk. | H86: m3 | I86: Yes | J86: 23.76 | K86: Sub Structure|Footing / Raft Foundation|Crush Stone|Crush Stone 40x60mm 100mm Thk.
A87: 82 | B87: Civil and Structure | C87: B.03 | D87: Sub Structure | E87: Footing / Raft Foundation | F87: Crush Stone | G87: Crush Stone 40x60mm 150mm Thk. | H87: m3 | I87: Yes | J87: 23.76 | K87: Sub Structure|Footing / Raft Foundation|Crush Stone|Crush Stone 40x60mm 150mm Thk.
A88: 83 | B88: Civil and Structure | C88: B.03 | D88: Sub Structure | E88: Footing / Raft Foundation | F88: Lean Concrete | G88: Lean Concrete, 15Mpa (Cylinder) | H88: m3 | I88: Yes | J88: 92.4 | K88: Sub Structure|Footing / Raft Foundation|Lean Concrete|Lean Concrete, 15Mpa (Cylinder)
A89: 84 | B89: Civil and Structure | C89: B.03 | D89: Sub Structure | E89: Footing / Raft Foundation | F89: Concrete | G89: Normal Concrete, 35Mpa (Cylinder), Slump 13+-2.5 | H89: m3 | I89: Yes | J89: 121.76 | K89: Sub Structure|Footing / Raft Foundation|Concrete|Normal Concrete, 35Mpa (Cylinder), Slump 13+-2.5
A90: 85 | B90: Civil and Structure | C90: B.03 | D90: Sub Structure | E90: Footing / Raft Foundation | F90: Concrete | G90: Normal Concrete, 35Mpa (Cylinder), Slump 15+-2.5 | H90: m3 | I90: Yes | J90: 119.36 | K90: Sub Structure|Footing / Raft Foundation|Concrete|Normal Concrete, 35Mpa (Cylinder), Slump 15+-2.5
A91: 86 | B91: Civil and Structure | C91: B.03 | D91: Sub Structure | E91: Footing / Raft Foundation | F91: Concrete | G91: Normal Concrete, 25Mpa (Cylinder), Slump 10+-2.5 | H91: m3 | I91: - | K91: Sub Structure|Footing / Raft Foundation|Concrete|Normal Concrete, 25Mpa (Cylinder), Slump 10+-2.5
A92: 87 | B92: Civil and Structure | C92: B.03 | D92: Sub Structure | E92: Footing / Raft Foundation | F92: Concrete | G92: Normal Concrete, 30Mpa (Cylinder), Slump 13+-2.5 | H92: m3 | I92: - | K92: Sub Structure|Footing / Raft Foundation|Concrete|Normal Concrete, 30Mpa (Cylinder), Slump 13+-2.5
A93: 88 | B93: Civil and Structure | C93: B.03 | D93: Sub Structure | E93: Footing / Raft Foundation | F93: Formwork | G93: Formwork to curved / special shape incl. erection and striking | H93: m2 | I93: - | K93: Sub Structure|Footing / Raft Foundation|Formwork|Formwork to curved / special shape incl. erection and striking
A94: 89 | B94: Civil and Structure | C94: B.03 | D94: Sub Structure | E94: Footing / Raft Foundation | F94: Formwork | G94: Formwork, plywood 18mm thk. incl. erection, bracing, oiling and striking | H94: m2 | I94: - | K94: Sub Structure|Footing / Raft Foundation|Formwork|Formwork, plywood 18mm thk. incl. erection, bracing, oiling and striking
A95: 90 | B95: Civil and Structure | C95: B.03 | D95: Sub Structure | E95: Footing / Raft Foundation | F95: Rebar | G95: Deform Bar, DB10(fy=390 Mpa) | H95: kg | I95: Yes | J95: 1.0176 | K95: Sub Structure|Footing / Raft Foundation|Rebar|Deform Bar, DB10(fy=390 Mpa)
A96: 91 | B96: Civil and Structure | C96: B.03 | D96: Sub Structure | E96: Footing / Raft Foundation | F96: Rebar | G96: Deform Bar, DB12(fy=390 Mpa) | H96: kg | I96: Yes | J96: 0.9832 | K96: Sub Structure|Footing / Raft Foundation|Rebar|Deform Bar, DB12(fy=390 Mpa)
A97: 92 | B97: Civil and Structure | C97: B.03 | D97: Sub Structure | E97: Footing / Raft Foundation | F97: Rebar | G97: Deform Bar, DB14(fy=390 Mpa) | H97: kg | I97: Yes | J97: 0.96 | K97: Sub Structure|Footing / Raft Foundation|Rebar|Deform Bar, DB14(fy=390 Mpa)
A98: 93 | B98: Civil and Structure | C98: B.03 | D98: Sub Structure | E98: Footing / Raft Foundation | F98: Rebar | G98: Deform Bar, DB16(fy=390 Mpa) | H98: kg | I98: Yes | J98: 0.9488 | K98: Sub Structure|Footing / Raft Foundation|Rebar|Deform Bar, DB16(fy=390 Mpa)
A99: 94 | B99: Civil and Structure | C99: B.03 | D99: Sub Structure | E99: Footing / Raft Foundation | F99: Rebar | G99: Deform Bar, DB20(fy=390 Mpa) | H99: kg | I99: Yes | J99: 0.9256 | K99: Sub Structure|Footing / Raft Foundation|Rebar|Deform Bar, DB20(fy=390 Mpa)
A100: 95 | B100: Civil and Structure | C100: B.03 | D100: Sub Structure | E100: Footing / Raft Foundation | F100: Rebar | G100: Deform Bar, DB25(fy=390 Mpa) | H100: kg | I100: Yes | J100: 0.9024 | K100: Sub Structure|Footing / Raft Foundation|Rebar|Deform Bar, DB25(fy=390 Mpa)
A101: 96 | B101: Civil and Structure | C101: B.03 | D101: Sub Structure | E101: Footing / Raft Foundation | F101: Rebar | G101: Deform Bar, DB32(fy=390 Mpa) | H101: kg | I101: Yes | J101: 0.8912 | K101: Sub Structure|Footing / Raft Foundation|Rebar|Deform Bar, DB32(fy=390 Mpa)
A102: 97 | B102: Civil and Structure | C102: B.03 | D102: Sub Structure | E102: Footing / Raft Foundation | F102: Rebar | G102: Round Bar, RB8(fy=250 Mpa) | H102: kg | I102: Yes | J102: 1.0064 | K102: Sub Structure|Footing / Raft Foundation|Rebar|Round Bar, RB8(fy=250 Mpa)
A103: 98 | B103: Civil and Structure | C103: B.03 | D103: Sub Structure | E103: Footing / Raft Foundation | F103: Rebar | G103: Round Bar, RB6(fy=250 Mpa) | H103: kg | I103: - | K103: Sub Structure|Footing / Raft Foundation|Rebar|Round Bar, RB6(fy=250 Mpa)
...

Sheet Entry Template
A1: BoQ TAKE-OFF ENTRY TEMPLATE — 4-level dependent drop-downs
A2: Pick in order: Section → Sub Section → Sub Element → Description. Budget Code, Unit and existing Rate fill in automatically.
A4: No. | B4: Discipline | C4: Section | D4: Sub Section | E4: Sub Element | F4: Description (Material Type) | G4: Budget Code | H4: Unit | I4: Quantity | J4: In Price List | K4: Current Rate ($) | L4: Amount ($) | M4: h1 | N4: h2 | O4: h3
A5: =IF($C5="","",ROW()-4) | G5: =IFERROR(INDEX('Description Library'!$C$6:$C$808,MATCH($C5&"|"&$D5&"|"&$E5&"|"&$F5,'Description Library'!$K$6:$K$808,0)),"") | H5: =IFERROR(INDEX('Description Library'!$H$6:$H$808,MATCH($C5&"|"&$D5&"|"&$E5&"|"&$F5,'Description Library'!$K$6:$K$808,0)),"") | J5: =IFERROR(INDEX('Description Library'!$I$6:$I$808,MATCH($C5&"|"&$D5&"|"&$E5&"|"&$F5,'Description Library'!$K$6:$K$808,0)),"") | K5: =IFERROR(INDEX('Description Library'!$J$6:$J$808,MATCH($C5&"|"&$D5&"|"&$E5&"|"&$F5,'Description Library'!$K$6:$K$808,0)),"") | L5: =IF(OR($I5="",$K5=""),"",$I5*$K5) | M5: =IFERROR(VLOOKUP($C5,MAP_SEC,2,0),"L_SECTION") -> L_SECTION | N5: =IFERROR(VLOOKUP($C5&"|"&$D5,MAP_SUB,2,0),"L_SECTION") -> L_SECTION | O5: =IFERROR(VLOOKUP($C5&"|"&$D5&"|"&$E5,MAP_SE,2,0),"L_SECTION") -> L_SECTION
A6: =IF($C6="","",ROW()-4) | G6: =IFERROR(INDEX('Description Library'!$C$6:$C$808,MATCH($C6&"|"&$D6&"|"&$E6&"|"&$F6,'Description Library'!$K$6:$K$808,0)),"") | H6: =IFERROR(INDEX('Description Library'!$H$6:$H$808,MATCH($C6&"|"&$D6&"|"&$E6&"|"&$F6,'Description Library'!$K$6:$K$808,0)),"") | J6: =IFERROR(INDEX('Description Library'!$I$6:$I$808,MATCH($C6&"|"&$D6&"|"&$E6&"|"&$F6,'Description Library'!$K$6:$K$808,0)),"") | K6: =IFERROR(INDEX('Description Library'!$J$6:$J$808,MATCH($C6&"|"&$D6&"|"&$E6&"|"&$F6,'Description Library'!$K$6:$K$808,0)),"") | L6: =IF(OR($I6="",$K6=""),"",$I6*$K6) | M6: =IFERROR(VLOOKUP($C6,MAP_SEC,2,0),"L_SECTION") -> L_SECTION | N6: =IFERROR(VLOOKUP($C6&"|"&$D6,MAP_SUB,2,0),"L_SECTION") -> L_SECTION | O6: =IFERROR(VLOOKUP($C6&"|"&$D6&"|"&$E6,MAP_SE,2,0),"L_SECTION") -> L_SECTION
A7: =IF($C7="","",ROW()-4) | G7: =IFERROR(INDEX('Description Library'!$C$6:$C$808,MATCH($C7&"|"&$D7&"|"&$E7&"|"&$F7,'Description Library'!$K$6:$K$808,0)),"") | H7: =IFERROR(INDEX('Description Library'!$H$6:$H$808,MATCH($C7&"|"&$D7&"|"&$E7&"|"&$F7,'Description Library'!$K$6:$K$808,0)),"") | J7: =IFERROR(INDEX('Description Library'!$I$6:$I$808,MATCH($C7&"|"&$D7&"|"&$E7&"|"&$F7,'Description Library'!$K$6:$K$808,0)),"") | K7: =IFERROR(INDEX('Description Library'!$J$6:$J$808,MATCH($C7&"|"&$D7&"|"&$E7&"|"&$F7,'Description Library'!$K$6:$K$808,0)),"") | L7: =IF(OR($I7="",$K7=""),"",$I7*$K7) | M7: =IFERROR(VLOOKUP($C7,MAP_SEC,2,0),"L_SECTION") -> L_SECTION | N7: =IFERROR(VLOOKUP($C7&"|"&$D7,MAP_SUB,2,0),"L_SECTION") -> L_SECTION | O7: =IFERROR(VLOOKUP($C7&"|"&$D7&"|"&$E7,MAP_SE,2,0),"L_SECTION") -> L_SECTION
A8: =IF($C8="","",ROW()-4) | G8: =IFERROR(INDEX('Description Library'!$C$6:$C$808,MATCH($C8&"|"&$D8&"|"&$E8&"|"&$F8,'Description Library'!$K$6:$K$808,0)),"") | H8: =IFERROR(INDEX('Description Library'!$H$6:$H$808,MATCH($C8&"|"&$D8&"|"&$E8&"|"&$F8,'Description Library'!$K$6:$K$808,0)),"") | J8: =IFERROR(INDEX('Description Library'!$I$6:$I$808,MATCH($C8&"|"&$D8&"|"&$E8&"|"&$F8,'Description Library'!$K$6:$K$808,0)),"") | K8: =IFERROR(INDEX('Description Library'!$J$6:$J$808,MATCH($C8&"|"&$D8&"|"&$E8&"|"&$F8,'Description Library'!$K$6:$K$808,0)),"") | L8: =IF(OR($I8="",$K8=""),"",$I8*$K8) | M8: =IFERROR(VLOOKUP($C8,MAP_SEC,2,0),"L_SECTION") -> L_SECTION | N8: =IFERROR(VLOOKUP($C8&"|"&$D8,MAP_SUB,2,0),"L_SECTION") -> L_SECTION | O8: =IFERROR(VLOOKUP($C8&"|"&$D8&"|"&$E8,MAP_SE,2,0),"L_SECTION") -> L_SECTION
A9: =IF($C9="","",ROW()-4) | G9: =IFERROR(INDEX('Description Library'!$C$6:$C$808,MATCH($C9&"|"&$D9&"|"&$E9&"|"&$F9,'Description Library'!$K$6:$K$808,0)),"") | H9: =IFERROR(INDEX('Description Library'!$H$6:$H$808,MATCH($C9&"|"&$D9&"|"&$E9&"|"&$F9,'Description Library'!$K$6:$K$808,0)),"") | J9: =IFERROR(INDEX('Description Library'!$I$6:$I$808,MATCH($C9&"|"&$D9&"|"&$E9&"|"&$F9,'Description Library'!$K$6:$K$808,0)),"") | K9: =IFERROR(INDEX('Description Library'!$J$6:$J$808,MATCH($C9&"|"&$D9&"|"&$E9&"|"&$F9,'Description Library'!$K$6:$K$808,0)),"") | L9: =IF(OR($I9="",$K9=""),"",$I9*$K9) | M9: =IFERROR(VLOOKUP($C9,MAP_SEC,2,0),"L_SECTION") -> L_SECTION | N9: =IFERROR(VLOOKUP($C9&"|"&$D9,MAP_SUB,2,0),"L_SECTION") -> L_SECTION | O9: =IFERROR(VLOOKUP($C9&"|"&$D9&"|"&$E9,MAP_SE,2,0),"L_SECTION") -> L_SECTION
A10: =IF($C10="","",ROW()-4) | G10: =IFERROR(INDEX('Description Library'!$C$6:$C$808,MATCH($C10&"|"&$D10&"|"&$E10&"|"&$F10,'Description Library'!$K$6:$K$808,0)),"") | H10: =IFERROR(INDEX('Description Library'!$H$6:$H$808,MATCH($C10&"|"&$D10&"|"&$E10&"|"&$F10,'Description Library'!$K$6:$K$808,0)),"") | J10: =IFERROR(INDEX('Description Library'!$I$6:$I$808,MATCH($C10&"|"&$D10&"|"&$E10&"|"&$F10,'Description Library'!$K$6:$K$808,0)),"") | K10: =IFERROR(INDEX('Description Library'!$J$6:$J$808,MATCH($C10&"|"&$D10&"|"&$E10&"|"&$F10,'Description Library'!$K$6:$K$808,0)),"") | L10: =IF(OR($I10="",$K10=""),"",$I10*$K10) | M10: =IFERROR(VLOOKUP($C10,MAP_SEC,2,0),"L_SECTION") -> L_SECTION | N10: =IFERROR(VLOOKUP($C10&"|"&$D10,MAP_SUB,2,0),"L_SECTION") -> L_SECTION | O10: =IFERROR(VLOOKUP($C10&"|"&$D10&"|"&$E10,MAP_SE,2,0),"L_SECTION") -> L_SECTION
A11: =IF($C11="","",ROW()-4) | G11: =IFERROR(INDEX('Description Library'!$C$6:$C$808,MATCH($C11&"|"&$D11&"|"&$E11&"|"&$F11,'Description Library'!$K$6:$K$808,0)),"") | H11: =IFERROR(INDEX('Description Library'!$H$6:$H$808,MATCH($C11&"|"&$D11&"|"&$E11&"|"&$F11,'Description Library'!$K$6:$K$808,0)),"") | J11: =IFERROR(INDEX('Description Library'!$I$6:$I$808,MATCH($C11&"|"&$D11&"|"&$E11&"|"&$F11,'Description Library'!$K$6:$K$808,0)),"") | K11: =IFERROR(INDEX('Description Library'!$J$6:$J$808,MATCH($C11&"|"&$D11&"|"&$E11&"|"&$F11,'Description Library'!$K$6:$K$808,0)),"") | L11: =IF(OR($I11="",$K11=""),"",$I11*$K11) | M11: =IFERROR(VLOOKUP($C11,MAP_SEC,2,0),"L_SECTION") -> L_SECTION | N11: =IFERROR(VLOOKUP($C11&"|"&$D11,MAP_SUB,2,0),"L_SECTION") -> L_SECTION | O11: =IFERROR(VLOOKUP($C11&"|"&$D11&"|"&$E11,MAP_SE,2,0),"L_SECTION") -> L_SECTION
A12: =IF($C12="","",ROW()-4) | G12: =IFERROR(INDEX('Description Library'!$C$6:$C$808,MATCH($C12&"|"&$D12&"|"&$E12&"|"&$F12,'Description Library'!$K$6:$K$808,0)),"") | H12: =IFERROR(INDEX('Description Library'!$H$6:$H$808,MATCH($C12&"|"&$D12&"|"&$E12&"|"&$F12,'Description Library'!$K$6:$K$808,0)),"") | J12: =IFERROR(INDEX('Description Library'!$I$6:$I$808,MATCH($C12&"|"&$D12&"|"&$E12&"|"&$F12,'Description Library'!$K$6:$K$808,0)),"") | K12: =IFERROR(INDEX('Description Library'!$J$6:$J$808,MATCH($C12&"|"&$D12&"|"&$E12&"|"&$F12,'Description Library'!$K$6:$K$808,0)),"") | L12: =IF(OR($I12="",$K12=""),"",$I12*$K12) | M12: =IFERROR(VLOOKUP($C12,MAP_SEC,2,0),"L_SECTION") -> L_SECTION | N12: =IFERROR(VLOOKUP($C12&"|"&$D12,MAP_SUB,2,0),"L_SECTION") -> L_SECTION | O12: =IFERROR(VLOOKUP($C12&"|"&$D12&"|"&$E12,MAP_SE,2,0),"L_SECTION") -> L_SECTION
A13: =IF($C13="","",ROW()-4) | G13: =IFERROR(INDEX('Description Library'!$C$6:$C$808,MATCH($C13&"|"&$D13&"|"&$E13&"|"&$F13,'Description Library'!$K$6:$K$808,0)),"") | H13: =IFERROR(INDEX('Description Library'!$H$6:$H$808,MATCH($C13&"|"&$D13&"|"&$E13&"|"&$F13,'Description Library'!$K$6:$K$808,0)),"") | J13: =IFERROR(INDEX('Description Library'!$I$6:$I$808,MATCH($C13&"|"&$D13&"|"&$E13&"|"&$F13,'Description Library'!$K$6:$K$808,0)),"") | K13: =IFERROR(INDEX('Description Library'!$J$6:$J$808,MATCH($C13&"|"&$D13&"|"&$E13&"|"&$F13,'Description Library'!$K$6:$K$808,0)),"") | L13: =IF(OR($I13="",$K13=""),"",$I13*$K13) | M13: =IFERROR(VLOOKUP($C13,MAP_SEC,2,0),"L_SECTION") -> L_SECTION | N13: =IFERROR(VLOOKUP($C13&"|"&$D13,MAP_SUB,2,0),"L_SECTION") -> L_SECTION | O13: =IFERROR(VLOOKUP($C13&"|"&$D13&"|"&$E13,MAP_SE,2,0),"L_SECTION") -> L_SECTION
A14: =IF($C14="","",ROW()-4) | G14: =IFERROR(INDEX('Description Library'!$C$6:$C$808,MATCH($C14&"|"&$D14&"|"&$E14&"|"&$F14,'Description Library'!$K$6:$K$808,0)),"") | H14: =IFERROR(INDEX('Description Library'!$H$6:$H$808,MATCH($C14&"|"&$D14&"|"&$E14&"|"&$F14,'Description Library'!$K$6:$K$808,0)),"") | J14: =IFERROR(INDEX('Description Library'!$I$6:$I$808,MATCH($C14&"|"&$D14&"|"&$E14&"|"&$F14,'Description Library'!$K$6:$K$808,0)),"") | K14: =IFERROR(INDEX('Description Library'!$J$6:$J$808,MATCH($C14&"|"&$D14&"|"&$E14&"|"&$F14,'Description Library'!$K$6:$K$808,0)),"") | L14: =IF(OR($I14="",$K14=""),"",$I14*$K14) | M14: =IFERROR(VLOOKUP($C14,MAP_SEC,2,0),"L_SECTION") -> L_SECTION | N14: =IFERROR(VLOOKUP($C14&"|"&$D14,MAP_SUB,2,0),"L_SECTION") -> L_SECTION | O14: =IFERROR(VLOOKUP($C14&"|"&$D14&"|"&$E14,MAP_SE,2,0),"L_SECTION") -> L_SECTION
A15: =IF($C15="","",ROW()-4) | G15: =IFERROR(INDEX('Description Library'!$C$6:$C$808,MATCH($C15&"|"&$D15&"|"&$E15&"|"&$F15,'Description Library'!$K$6:$K$808,0)),"") | H15: =IFERROR(INDEX('Description Library'!$H$6:$H$808,MATCH($C15&"|"&$D15&"|"&$E15&"|"&$F15,'Description Library'!$K$6:$K$808,0)),"") | J15: =IFERROR(INDEX('Description Library'!$I$6:$I$808,MATCH($C15&"|"&$D15&"|"&$E15&"|"&$F15,'Description Library'!$K$6:$K$808,0)),"") | K15: =IFERROR(INDEX('Description Library'!$J$6:$J$808,MATCH($C15&"|"&$D15&"|"&$E15&"|"&$F15,'Description Library'!$K$6:$K$808,0)),"") | L15: =IF(OR($I15="",$K15=""),"",$I15*$K15) | M15: =IFERROR(VLOOKUP($C15,MAP_SEC,2,0),"L_SECTION") -> L_SECTION | N15: =IFERROR(VLOOKUP($C15&"|"&$D15,MAP_SUB,2,0),"L_SECTION") -> L_SECTION | O15: =IFERROR(VLOOKUP($C15&"|"&$D15&"|"&$E15,MAP_SE,2,0),"L_SECTION") -> L_SECTION
A16: =IF($C16="","",ROW()-4) | G16: =IFERROR(INDEX('Description Library'!$C$6:$C$808,MATCH($C16&"|"&$D16&"|"&$E16&"|"&$F16,'Description Library'!$K$6:$K$808,0)),"") | H16: =IFERROR(INDEX('Description Library'!$H$6:$H$808,MATCH($C16&"|"&$D16&"|"&$E16&"|"&$F16,'Description Library'!$K$6:$K$808,0)),"") | J16: =IFERROR(INDEX('Description Library'!$I$6:$I$808,MATCH($C16&"|"&$D16&"|"&$E16&"|"&$F16,'Description Library'!$K$6:$K$808,0)),"") | K16: =IFERROR(INDEX('Description Library'!$J$6:$J$808,MATCH($C16&"|"&$D16&"|"&$E16&"|"&$F16,'Description Library'!$K$6:$K$808,0)),"") | L16: =IF(OR($I16="",$K16=""),"",$I16*$K16) | M16: =IFERROR(VLOOKUP($C16,MAP_SEC,2,0),"L_SECTION") -> L_SECTION | N16: =IFERROR(VLOOKUP($C16&"|"&$D16,MAP_SUB,2,0),"L_SECTION") -> L_SECTION | O16: =IFERROR(VLOOKUP($C16&"|"&$D16&"|"&$E16,MAP_SE,2,0),"L_SECTION") -> L_SECTION
... A204: =IF($C204="","",ROW()-4) | G204: =IFERROR(INDEX('Description Library'!$C$6:$C$808,MATCH($C204&"|"&$D204&"|"&$E204&"|"&$F204,'Description Library'!$K$6:$K$808,0)),"") | H204: =IFERROR(INDEX('Description Library'!$H$6:$H$808,MATCH($C204&"|"&$D204&"|"&$E204&"|"&$F204,'Description Library'!$K$6:$K$808,0)),"") | J204: =IFERROR(INDEX('Description Library'!$I$6:$I$808,MATCH($C204&"|"&$D204&"|"&$E204&"|"&$F204,'Description Library'!$K$6:$K$808,0)),"") | K204: =IFERROR(INDEX('Description Library'!$J$6:$J$808,MATCH($C204&"|"&$D204&"|"&$E204&"|"&$F204,'Description Library'!$K$6:$K$808,0)),"") | L204: =IF(OR($I204="",$K204=""),"",$I204*$K204) | M204: =IFERROR(VLOOKUP($C204,MAP_SEC,2,0),"L_SECTION") -> L_SECTION | N204: =IFERROR(VLOOKUP($C204&"|"&$D204,MAP_SUB,2,0),"L_SECTION") -> L_SECTION | O204: =IFERROR(VLOOKUP($C204&"|"&$D204&"|"&$E204,MAP_SE,2,0),"L_SECTION") -> L_SECTION

Sheet Validation Lists
A1: VALIDATION SOURCE LISTS — do not delete (drives the drop-downs on Entry Template)
A2: Referenced by defined names. To extend: add to Element Library / Description Library, then add here.
A4: Section | C4: Section | D4: Range | F4: Section|SubSection | G4: Range | I4: Section|SubSection|SubElement | J4: Range | M4: SEC001 | N4: SEC002 | O4: SEC003 | P4: SEC004 | Q4: SEC005 | R4: SEC006 | S4: SEC007 | T4: SEC008 | U4: SEC009 | V4: SEC010 | W4: SEC011 | X4: SEC012 | Y4: SEC013 | Z4: SEC014 | AA4: SEC015 | AB4: SEC016 | AC4: SEC017 | AD4: SEC018 | AE4: SEC019 | AF4: SEC020 | AG4: SEC021 | AH4: SEC022 | AI4: SEC023 | AJ4: SEC024 | AK4: SEC025 | AL4: SEC026 | AM4: SEC027 | AN4: SEC028 | AO4: SEC029 | AP4: SUB001 | AQ4: SUB002 | AR4: SUB003 | AS4: SUB004 | AT4: SUB005 | AU4: SUB006 | AV4: SUB007 | AW4: SUB008 | AX4: SUB009 | AY4: SUB010 | AZ4: SUB011 | BA4: SUB012 | BB4: SUB013 | BC4: SUB014 | BD4: SUB015 | BE4: SUB016 | BF4: SUB017 | BG4: SUB018 | BH4: SUB019 | BI4: SUB020 | BJ4: SUB021 | BK4: SUB022 | BL4: SUB023 | BM4: SUB024 | BN4: SUB025 | BO4: SUB026 | BP4: SUB027 | BQ4: SUB028 | BR4: SUB029 | BS4: SUB030 | BT4: SUB031 | BU4: SUB032 | BV4: SUB033 | BW4: SUB034 | BX4: SUB035 | BY4: SUB036 | BZ4: SUB037 | CA4: SUB038 | CB4: SUB039 | CC4: SUB040 | CD4: SUB041 | CE4: SUB042 | CF4: SUB043 | CG4: SUB044 | CH4: SUB045 | CI4: SUB046 | CJ4: SUB047 | CK4: SUB048 | CL4: SUB049 | CM4: SUB050 | CN4: SUB051 | CO4: SUB052 | CP4: SUB053 | CQ4: SUB054 | CR4: SUB055 | CS4: SUB056 | CT4: SUB057 | CU4: SUB058 | CV4: SUB059 | CW4: SUB060 | CX4: SUB061 | CY4: SUB062 | CZ4: SUB063 | DA4: SUB064 | DB4: SUB065 | DC4: SUB066 | DD4: SUB067 | DE4: SUB068 | DF4: SUB069 | DG4: SUB070 | DH4: SUB071 | DI4: SUB072 | DJ4: SUB073 | DK4: SUB074 | DL4: SUB075 | DM4: SUB076 | DN4: SUB077 | DO4: SUB078 | DP4: SUB079 | DQ4: SUB080 | DR4: SUB081 | DS4: SUB082 | DT4: SUB083 | DU4: SUB084 | DV4: SUB085 | DW4: SUB086 | DX4: SUB087 | DY4: SUB088 | DZ4: SUB089 | EA4: SUB090 | EB4: SUB091 | EC4: SUB092 | ED4: SUB093 | EE4: SUB094 | EF4: SUB095 | EG4: SUB096 | EH4: SUB097 | EI4: SUB098 | EJ4: SUB099 | EK4: SUB100 | EL4: SUB101 | EM4: SUB102 | EN4: SUB103 | EO4: SUB104 | EP4: SUB105 | EQ4: SUB106 | ER4: SUB107 | ES4: SUB108 | ET4: SUB109 | EU4: SUB110 | EV4: SUB111 | EW4: SUB112 | EX4: SUB113 | EY4: SUB114 | EZ4: SUB115 | FA4: SUB116 | FB4: SUB117 | FC4: SUB118 | FD4: SUB119 | FE4: SUB120 | FF4: SUB121 | FG4: SUB122 | FH4: SUB123 | FI4: SUB124 | FJ4: DSC001 | FK4: DSC002 | FL4: DSC003 | FM4: DSC004 | FN4: DSC005 | FO4: DSC006 | FP4: DSC007 | FQ4: DSC008 | FR4: DSC009 | FS4: DSC010 | FT4: DSC011 | FU4: DSC012 | FV4: DSC013 | FW4: DSC014 | FX4: DSC015 | FY4: DSC016 | FZ4: DSC017 | GA4: DSC018 | GB4: DSC019 | GC4: DSC020 | GD4: DSC021 | GE4: DSC022 | GF4: DSC023 | GG4: DSC024 | GH4: DSC025 | GI4: DSC026 | GJ4: DSC027 | GK4: DSC028 | GL4: DSC029 | GM4: DSC030 | GN4: DSC031 | GO4: DSC032 | GP4: DSC033 | GQ4: DSC034 | GR4: DSC035 | GS4: DSC036 | GT4: DSC037 | GU4: DSC038 | GV4: DSC039 | GW4: DSC040 | GX4: DSC041 | GY4: DSC042 | GZ4: DSC043 | HA4: DSC044 | HB4: DSC045 | HC4: DSC046 | HD4: DSC047 | HE4: DSC048 | HF4: DSC049 | HG4: DSC050 | HH4: DSC051 | HI4: DSC052 | HJ4: DSC053 | HK4: DSC054 | HL4: DSC055 | HM4: DSC056 | HN4: DSC057 | HO4: DSC058 | HP4: DSC059 | HQ4: DSC060 | HR4: DSC061 | HS4: DSC062 | HT4: DSC063 | HU4: DSC064 | HV4: DSC065 | HW4: DSC066 | HX4: DSC067 | HY4: DSC068 | HZ4: DSC069 | IA4: DSC070 | IB4: DSC071 | IC4: DSC072 | ID4: DSC073 | IE4: DSC074 | IF4: DSC075 | IG4: DSC076 | IH4: DSC077 | II4: DSC078 | IJ4: DSC079 | IK4: DSC080 | IL4: DSC081 | IM4: DSC082 | IN4: DSC083 | IO4: DSC084 | IP4: DSC085 | IQ4: DSC086 | IR4: DSC087 | IS4: DSC088 | IT4: DSC089 | IU4: DSC090 | IV4: DSC091 | IW4: DSC092 | IX4: DSC093 | IY4: DSC094 | IZ4: DSC095 | JA4: DSC096 | JB4: DSC097 | JC4: DSC098 | JD4: DSC099 | JE4: DSC100 | JF4: DSC101 | JG4: DSC102 | JH4: DSC103 | JI4: DSC104 | JJ4: DSC105 | JK4: DSC106 | JL4: DSC107 | JM4: DSC108 | JN4: DSC109 | JO4: DSC110 | JP4: DSC111 | JQ4: DSC112 | JR4: DSC113 | JS4: DSC114 | JT4: DSC115 | JU4: DSC116 | JV4: DSC117 | JW4: DSC118 | JX4: DSC119 | JY4: DSC120 | JZ4: DSC121 | KA4: DSC122 | KB4: DSC123 | KC4: DSC124 | KD4: DSC125 | KE4: DSC126 | KF4: DSC127 | KG4: DSC128 | KH4: DSC129 | KI4: DSC130 | KJ4: DSC131 | KK4: DSC132 | KL4: DSC133 | KM4: DSC134 | KN4: DSC135 | KO4: DSC136 | KP4: DSC137 | KQ4: DSC138 | KR4: DSC139 | KS4: DSC140 | KT4: DSC141 | KU4: DSC142 | KV4: DSC143 | KW4: DSC144 | KX4: DSC145 | KY4: DSC146 | KZ4: DSC147 | LA4: DSC148 | LB4: DSC149 | LC4: DSC150 | LD4: DSC151 | LE4: DSC152 | LF4: DSC153 | LG4: DSC154 | LH4: DSC155 | LI4: DSC156 | LJ4: DSC157 | LK4: DSC158 | LL4: DSC159 | LM4: DSC160 | LN4: DSC161 | LO4: DSC162 | LP4: DSC163 | LQ4: DSC164 | LR4: DSC165 | LS4: DSC166 | LT4: DSC167 | LU4: DSC168 | LV4: DSC169 | LW4: DSC170 | LX4: DSC171 | LY4: DSC172 | LZ4: DSC173 | MA4: DSC174 | MB4: DSC175 | MC4: DSC176 | MD4: DSC177 | ME4: DSC178 | MF4: DSC179 | MG4: DSC180 | MH4: DSC181 | MI4: DSC182 | MJ4: DSC183 | MK4: DSC184 | ML4: DSC185 | MM4: DSC186 | MN4: DSC187 | MO4: DSC188 | MP4: DSC189 | MQ4: DSC190 | MR4: DSC191 | MS4: DSC192 | MT4: DSC193 | MU4: DSC194 | MV4: DSC195 | MW4: DSC196 | MX4: DSC197 | MY4: DSC198 | MZ4: DSC199 | NA4: DSC200 | NB4: DSC201 | NC4: DSC202 | ND4: DSC203 | NE4: DSC204 | NF4: DSC205 | NG4: DSC206 | NH4: DSC207 | NI4: DSC208 | NJ4: DSC209 | NK4: DSC210 | NL4: DSC211 | NM4: DSC212 | NN4: DSC213 | NO4: DSC214 | NP4: DSC215 | NQ4: DSC216 | NR4: DSC217 | NS4: DSC218 | NT4: DSC219 | NU4: DSC220 | NV4: DSC221 | NW4: DSC222 | NX4: DSC223 | NY4: DSC224 | NZ4: DSC225 | OA4: DSC226 | OB4: DSC227 | OC4: DSC228 | OD4: DSC229 | OE4: DSC230 | OF4: DSC231 | OG4: DSC232 | OH4: DSC233 | OI4: DSC234 | OJ4: DSC235 | OK4: DSC236 | OL4: DSC237 | OM4: DSC238 | ON4: DSC239 | OO4: DSC240 | OP4: DSC241 | OQ4: DSC242 | OR4: DSC243 | OS4: DSC244 | OT4: DSC245 | OU4: DSC246 | OV4: DSC247 | OW4: DSC248 | OX4: DSC249 | OY4: DSC250 | OZ4: DSC251 | PA4: DSC252 | PB4: DSC253 | PC4: DSC254 | PD4: DSC255 | PE4: DSC256 | PF4: DSC257 | PG4: DSC258 | PH4: DSC259 | PI4: DSC260 | PJ4: DSC261 | PK4: DSC262 | PL4: DSC263 | PM4: DSC264 | PN4: DSC265 | PO4: DSC266 | PP4: DSC267 | PQ4: DSC268 | PR4: DSC269 | PS4: DSC270 | PT4: DSC271 | PU4: DSC272 | PV4: DSC273 | PW4: DSC274 | PX4: DSC275 | PY4: DSC276 | PZ4: DSC277 | QA4: DSC278 | QB4: DSC279 | QC4: DSC280 | QD4: DSC281 | QE4: DSC282 | QF4: DSC283 | QG4: DSC284 | QH4: DSC285 | QI4: DSC286 | QJ4: DSC287 | QK4: DSC288 | QL4: DSC289 | QM4: DSC290 | QN4: DSC291 | QO4: DSC292 | QP4: DSC293 | QQ4: DSC294 | QR4: DSC295 | QS4: DSC296 | QT4: DSC297 | QU4: DSC298 | QV4: DSC299 | QW4: DSC300 | QX4: DSC301 | QY4: DSC302 | QZ4: DSC303 | RA4: DSC304 | RB4: DSC305 | RC4: DSC306 | RD4: DSC307 | RE4: DSC308 | RF4: DSC309 | RG4: DSC310 | RH4: DSC311 | RI4: DSC312 | RJ4: DSC313 | RK4: DSC314 | RL4: DSC315 | RM4: DSC316 | RN4: DSC317 | RO4: DSC318 | RP4: DSC319 | RQ4: DSC320 | RR4: DSC321 | RS4: DSC322 | RT4: DSC323 | RU4: DSC324 | RV4: DSC325 | RW4: DSC326 | RX4: DSC327 | RY4: DSC328 | RZ4: DSC329 | SA4: DSC330 | SB4: DSC331 | SC4: DSC332 | SD4: DSC333 | SE4: DSC334 | SF4: DSC335 | SG4: DSC336 | SH4: DSC337 | SI4: DSC338 | SJ4: DSC339 | SK4: DSC340 | SL4: DSC341 | SM4: DSC342 | SN4: DSC343 | SO4: DSC344 | SP4: DSC345 | SQ4: DSC346 | SR4: DSC347 | SS4: DSC348 | ST4: DSC349 | SU4: DSC350 | SV4: DSC351 | SW4: DSC352 | SX4: DSC353 | SY4: DSC354 | SZ4: DSC355 | TA4: DSC356 | TB4: DSC357 | TC4: DSC358 | TD4: DSC359 | TE4: DSC360 | TF4: DSC361 | TG4: DSC362 | TH4: DSC363 | TI4: DSC364 | TJ4: DSC365 | TK4: DSC366 | TL4: DSC367 | TM4: DSC368 | TN4: DSC369 | TO4: DSC370 | TP4: DSC371 | TQ4: DSC372 | TR4: DSC373 | TS4: DSC374 | TT4: DSC375 | TU4: DSC376 | TV4: DSC377 | TW4: DSC378 | TX4: DSC379 | TY4: DSC380 | TZ4: DSC381 | UA4: DSC382 | UB4: DSC383 | UC4: DSC384 | UD4: DSC385 | UE4: DSC386 | UF4: DSC387 | UG4: DSC388 | UH4: DSC389 | UI4: DSC390 | UJ4: DSC391 | UK4: DSC392 | UL4: DSC393 | UM4: DSC394 | UN4: DSC395 | UO4: DSC396 | UP4: DSC397 | UQ4: DSC398 | UR4: DSC399 | US4: DSC400 | UT4: DSC401 | UU4: DSC402 | UV4: DSC403 | UW4: DSC404 | UX4: DSC405 | UY4: DSC406 | UZ4: DSC407 | VA4: DSC408 | VB4: DSC409 | VC4: DSC410 | VD4: DSC411 | VE4: DSC412 | VF4: DSC413 | VG4: DSC414 | VH4: DSC415 | VI4: DSC416 | VJ4: DSC417 | VK4: DSC418 | VL4: DSC419 | VM4: DSC420 | VN4: DSC421 | VO4: DSC422 | VP4: DSC423 | VQ4: DSC424 | VR4: DSC425 | VS4: DSC426 | VT4: DSC427 | VU4: DSC428 | VV4: DSC429 | VW4: DSC430 | VX4: DSC431 | VY4: DSC432 | VZ4: DSC433 | WA4: DSC434 | WB4: DSC435 | WC4: DSC436 | WD4: DSC437 | WE4: DSC438 | WF4: DSC439 | WG4: DSC440 | WH4: DSC441 | WI4: DSC442 | WJ4: DSC443 | WK4: DSC444 | WL4: DSC445 | WM4: DSC446 | WN4: DSC447 | WO4: DSC448 | WP4: DSC449 | WQ4: DSC450 | WR4: DSC451 | WS4: DSC452 | WT4: DSC453 | WU4: DSC454 | WV4: DSC455 | WW4: DSC456 | WX4: DSC457 | WY4: DSC458 | WZ4: DSC459 | XA4: DSC460 | XB4: DSC461 | XC4: DSC462 | XD4: DSC463 | XE4: DSC464 | XF4: DSC465 | XG4: DSC466 | XH4: DSC467 | XI4: DSC468 | XJ4: DSC469 | XK4: DSC470 | XL4: DSC471 | XM4: DSC472 | XN4: DSC473 | XO4: DSC474 | XP4: DSC475 | XQ4: DSC476 | XR4: DSC477 | XS4: DSC478 | XT4: DSC479 | XU4: DSC480 | XV4: DSC481 | XW4: DSC482 | XX4: DSC483 | XY4: DSC484 | XZ4: DSC485 | YA4: DSC486 | YB4: DSC487 | YC4: DSC488 | YD4: DSC489 | YE4: DSC490 | YF4: DSC491 | YG4: DSC492 | YH4: DSC493 | YI4: DSC494 | YJ4: DSC495 | YK4: DSC496 | YL4: DSC497 | YM4: DSC498 | YN4: DSC499 | YO4: DSC500 | YP4: DSC501 | YQ4: DSC502 | YR4: DSC503 | YS4: DSC504 | YT4: DSC505 | YU4: DSC506 | YV4: DSC507 | YW4: DSC508 | YX4: DSC509 | YY4: DSC510 | YZ4: DSC511 | ZA4: DSC512 | ZB4: DSC513 | ZC4: DSC514 | ZD4: DSC515 | ZE4: DSC516 | ZF4: DSC517 | ZG4: DSC518 | ZH4: DSC519 | ZI4: DSC520
A5: Sub Structure | C5: Sub Structure | D5: SEC001 | F5: Sub Structure|Site Preparation & Earthwork | G5: SUB001 | I5: Sub Structure|Site Preparation & Earthwork|Site Clearing | J5: DSC001 | M5: Site Preparation & Earthwork | N5: Structural Column | O5: Hollow clay brick | P5: Plastering | Q5: Steel Door | R5: Glass Window | S5: Screeding | T5: Soffit finishes | U5: Stair & Ramp finishes | V5: Roof covering | W5: Hollow clay brick | X5: Wood door | Y5: Gas installation | Z5: Plastering | AA5: Screeding | AB5: Suspended ceiling | AC5: General Fitting | AD5: Sanitary ware | AE5: Split unit system | AF5: Ventilation fan | AG5: Ductwork | AH5: Main distribution | AI5: Fire alarm system | AJ5: Water supply | AK5: Hydrant & hose reel | AL5: Renewable & specialist | AM5: Lift | AN5: Testing & Commissioning | AO5: Site preparation | AP5: Site Clearing | AQ5: Sheet Pile Supply | AR5: Bored Pile Boring | AS5: Pile Supply | AT5: Earthwork | AU5: Earthwork | AV5: Earthwork | AW5: Base Preparation | AX5: Earthwork | AY5: Earthwork | AZ5: Earthwork | BA5: Earthwork | BB5: Concrete | BC5: Concrete | BD5: Concrete | BE5: Concrete | BF5: Concrete | BG5: Concrete | BH5: Concrete | BI5: Concrete | BJ5: Steel Section / Beam | BK5: Truss | BL5: Concrete Testing | BM5: Hollow clay brick 100mm Thk. | BN5: Concrete block 100mm Thk. | BO5: AAC block 100mm Thk. | BP5: Precast wall panel | BQ5: External façade | BR5: Plastering | BS5: Painting | BT5: Wall tiling | BU5: Expansion joint | BV5: Steel Door | BW5: Aluminium door | BX5: Frameless glass door | BY5: Rolling shutter | BZ5: Lockset | CA5: Glass Window | CB5: Aluminium louver | CC5: Window fence / grille | CD5: Screeding | CE5: Floor tiling | CF5: Waterproofing | CG5: Plastering | CH5: Stair tread & riser finish | CI5: Handrail | CJ5: Metal roof sheet | CK5: Waterproofing membrane | CL5: Gutter | CM5: Skylight | CN5: Hollow clay brick 100mm Thk. | CO5: Gypsum board partition | CP5: Frameless glass partition | CQ5: Toilet cubicle | CR5: Handrail | CS5: Wood door | CT5: PVC door | CU5: Steel Door | CV5: Aluminium door | CW5: Lockset | CX5: Interior glass window | CY5: LPG gas system | CZ5: Plastering | DA5: Painting | DB5: Wall tiling | DC5: Wall cladding | DD5: Skirting | DE5: Screeding | DF5: Floor tiling | DG5: Marble on staircase | DH5: Vinyl flooring | DI5: Waterproofing | DJ5: Skirting | DK5: Suspended ceiling | DL5: Acoustic ceiling tile | DM5: Aluminium strip ceiling | DN5: Ceiling access panel | DO5: Toilet accessories | DP5: Kitchen cabinet | DQ5: Laboratory bench | DR5: Signage | DS5: Water closet | DT5: Tap / faucet | DU5: Toilet paper holder | DV5: Wall mounted split unit | DW5: VRF indoor unit | DX5: Chiller | DY5: Refrigerant piping | DZ5: Toilet exhaust fan | EA5: Kitchen hood | EB5: GI ductwork | EC5: Supply air diffuser | ED5: Volume control damper | EE5: Main switchboard (MSB) | EF5: Power cable | EG5: Socket outlet | EH5: Interior luminaire | EI5: Earthing system | EJ5: Generator set | EK5: Fire alarm control panel | EL5: CCTV camera | EM5: Structured cabling outlet | EN5: Public address (PA) system | EO5: BMS control panel | EP5: Cold water piping | EQ5: Water tank | ER5: Soil pipe | ES5: Septic tank (precast) | ET5: Fire hydrant | EU5: Sprinkler head | EV5: Fire pump set | EW5: Fire extinguisher | EX5: Solar PV system | EY5: Passenger lift | EZ5: Escalator | FA5: Lift shaft ladder | FB5: Testing & commissioning | FC5: Site clearing | FD5: Concrete paving | FE5: Top soil | FF5: Boundary fence | FG5: Flag pole | FH5: Toilet Floor tile | FI5: Toilet Wall tile | FJ5: Site clearing, grubbing and removal of vegetation and debris off site | FK5: Bulk excavation by machine incl. trimming and levelling of formation | FL5: Backfilling with approved material in 200mm layers incl. compaction to 95% MDD | FM5: Cart away surplus excavated material off site incl. tipping fee | FN5: Compaction of formation to 95% MDD incl. watering and testing | FO5: Dewatering incl. pumps, sump pits, piping and maintenance during construction | FP5: Setting out, levelling and establishment of benchmarks and grid lines | FQ5: Supply of steel sheet pile, hot rolled section as per design | FR5: Driving of steel sheet pile to required depth incl. plant and equipment | FS5: Extraction of steel sheet pile and making good of voids | FT5: Steel strut and waler incl. fabrication, installation and removal | FU5: Ground anchor incl. drilling, grouting, stressing and testing | FV5: Reinforced concrete guide wall incl. concrete, rebar and formwork | FW5: Bored piling D1000mm incl. boring, casing and disposal of spoil | FX5: Normal Concrete, 35Mpa (Cylinder), Slump 13+-2.5 | FY5: Deform Bar, DB10(fy=390 Mpa) | FZ5: Steel Tie Wire 1mm (Estimated 4% of Total Rebar Weight) | GA5: Steel Round Pipe (D49x2mm) with rush primer and paint | GB5: Bentonite / polymer slurry incl. mixing, circulation and disposal | GC5: Pile Head Cutting up to required level D1000mm | GD5: Sonic Logging Test (SLT) | GE5: Soil Coring for Bored Pile D1000mm, Depth 30m | GF5: Dynamic pile load test (PDA) | GG5: Rebar Testing as per Specification | GH5: Concrete cube / cylinder test as per specification | GI5: Supply of precast / spun pile as per design section | GJ5: Driving of precast / spun pile to required set incl. plant | GK5: Pile splicing by full penetration weld incl. splice plate | GL5: Pile head cutting and trimming to required cut-off level | GM5: Dynamic pile load test (PDA) | GN5: Soil Backfill | GO5: Well Soil Compact | GP5: Crush Stone 40x60mm 100mm Thk. | GQ5: Lean Concrete, 15Mpa (Cylinder) | GR5: Normal Concrete, 35Mpa (Cylinder), Slump 13+-2.5 | GS5: Formwork | GT5: Deform Bar, DB10(fy=390 Mpa) | GU5: Steel Tie Wire 1mm (Estimated 4% of Total Rebar Weight) | GV5: PVC Waterbar® V VN 20 (Width 200mm) | GW5: Membrance sheet 2mm thk | GX5: Anti-Termite with Plastic Membrane | GY5: Soil Backfill | GZ5: Well Soil Compact | HA5: Crush Stone 40x60mm 100mm Thk. | HB5: Lean Concrete, 15Mpa (Cylinder) | HC5: Normal Concrete, 35Mpa (Cylinder), Slump 13+-2.5 | HD5: Formwork to curved / special shape incl. erection and striking | HE5: Deform Bar, DB10(fy=390 Mpa) | HF5: Steel Tie Wire 1mm (Estimated 4% of Total Rebar Weight) | HG5: PVC Waterbar® V VN 20 (Width 200mm) | HH5: Membrance sheet 2mm thk | HI5: Anti-Termite with Plastic Membrane | HJ5: Soil Backfill | HK5: Lean Concrete, 15Mpa (Cylinder) | HL5: Normal Concrete, 35Mpa (Cylinder), Slump 13+-2.5 | HM5: Formwork to curved / special shape incl. erection and striking | HN5: Deform Bar, DB10(fy=390 Mpa) | HO5: Steel Tie Wire 1mm (Estimated 4% of Total Rebar Weight) | HP5: Membrance sheet 2mm thk | HQ5: Well Soil Compact | HR5: Crush Stone 40x60mm 100mm Thk. | HS5: Anti-Termite with Plastic Membrane | HT5: Polyethylene vapour barrier 0.15mm thk. laid with 300mm laps | HU5: Lean Concrete, 15Mpa (Cylinder) | HV5: Normal Concrete, 35Mpa (Cylinder), Slump 13+-2.5 | HW5: Formwork to curved / special shape incl. erection and striking | HX5: Deform Bar, DB10(fy=390 Mpa) | HY5: Steel Tie Wire 1mm (Estimated 4% of Total Rebar Weight) | HZ5: Membrance sheet 2mm thk | IA5: Soil Backfill | IB5: Well Soil Compact | IC5: Crush Stone 40x60mm 100mm Thk. | ID5: Lean Concrete, 15Mpa (Cylinder) | IE5: Normal Concrete, 35Mpa (Cylinder), Slump 13+-2.5 | IF5: Formwork to curved / special shape incl. erection and striking | IG5: Deform Bar, DB10(fy=390 Mpa) | IH5: Steel Tie Wire 1mm (Estimated 4% of Total Rebar Weight) | II5: PVC Waterbar® V VN 20 (Width 200mm) | IJ5: Membrance sheet 2mm thk | IK5: Anti-Termite with Plastic Membrane | IL5: Soil Backfill | IM5: Well Soil Compact | IN5: Crush Stone 40x60mm 100mm Thk. | IO5: Lean Concrete, 15Mpa (Cylinder) | IP5: Normal Concrete, 35Mpa (Cylinder), Slump 13+-2.5 | IQ5: Formwork to curved / special shape incl. erection and striking | IR5: Deform Bar, DB10(fy=390 Mpa) | IS5: Steel Tie Wire 1mm (Estimated 4% of Total Rebar Weight) | IT5: PVC Waterbar® V VN 20 (Width 200mm) | IU5: Membrance sheet 2mm thk | IV5: Anti-Termite with Plastic Membrane | IW5: Soil Backfill | IX5: Lean Concrete, 15Mpa (Cylinder) | IY5: Normal Concrete, 35Mpa (Cylinder), Slump 13+-2.5 | IZ5: Formwork to curved / special shape incl. erection and striking | JA5: Deform Bar, DB10(fy=390 Mpa) | JB5: Steel Tie Wire 1mm (Estimated 4% of Total Rebar Weight) | JC5: PVC Waterbar® V VN 20 (Width 200mm) | JD5: Membrance sheet 2mm thk | JE5: Soil Backfill | JF5: Normal Concrete, 35Mpa (Cylinder), Slump 13+-2.5 | JG5: Formwork to curved / special shape incl. erection and striking | JH5: Deform Bar, DB10(fy=390 Mpa) | JI5: Steel Tie Wire 1mm (Estimated 4% of Total Rebar Weight) | JJ5: PVC Waterbar® V VN 20 (Width 200mm) | JK5: Membrance sheet 2mm thk | JL5: Protection board 6mm thk. to waterproofing membrane | JM5: Dimpled HDPE drainage board with filter fabric | JN5: Normal Concrete, 35Mpa (Cylinder), Slump 13+-2.5 | JO5: Formwork to curved / special shape incl. erection and striking | JP5: Deform Bar, DB10(fy=390 Mpa) | JQ5: Steel Tie Wire 1mm (Estimated 4% of Total Rebar Weight) | JR5: Column starter bar incl. bending, fixing and tying | JS5: Non-shrink cementitious grout to base plate / gap | JT5: Normal Concrete, 35Mpa (Cylinder), Slump 13+-2.5 | JU5: Formwork to curved / special shape incl. erection and striking | JV5: Deform Bar, DB10(fy=390 Mpa) | JW5: Steel Tie Wire 1mm (Estimated 4% of Total Rebar Weight) | JX5: Normal Concrete, 35Mpa (Cylinder), Slump 13+-2.5 | JY5: Formwork to curved / special shape incl. erection and striking | JZ5: Deform Bar, DB10(fy=390 Mpa) | KA5: Steel Tie Wire 1mm (Estimated 4% of Total Rebar Weight) | KB5: Post-tension strand incl. duct, anchorage, stressing and grouting | KC5: Galvanised steel deck 0.75mm thk. incl. shear stud and end closure | KD5: Normal Concrete, 35Mpa (Cylinder), Slump 13+-2.5 | KE5: Formwork to curved / special shape incl. erection and striking | KF5: Deform Bar, DB10(fy=390 Mpa) | KG5: Steel Tie Wire 1mm (Estimated 4% of Total Rebar Weight) | KH5: PVC Waterbar® V VN 20 (Width 200mm) | KI5: Normal Concrete, 35Mpa (Cylinder), Slump 13+-2.5 | KJ5: Formwork to curved / special shape incl. erection and striking | KK5: Deform Bar, DB10(fy=390 Mpa) | KL5: Steel Tie Wire 1mm (Estimated 4% of Total Rebar Weight) | KM5: Normal Concrete, 35Mpa (Cylinder), Slump 13+-2.5 | KN5: Formwork to curved / special shape incl. erection and striking | KO5: Deform Bar, DB10(fy=390 Mpa) | KP5: Steel Tie Wire 1mm (Estimated 4% of Total Rebar Weight) | KQ5: Normal Concrete, 35Mpa (Cylinder), Slump 13+-2.5 | KR5: Formwork to curved / special shape incl. erection and striking | KS5: Deform Bar, DB10(fy=390 Mpa) | KT5: Steel Tie Wire 1mm (Estimated 4% of Total Rebar Weight) | KU5: PVC Waterbar® V VN 20 (Width 200mm) | KV5: Normal Concrete, 35Mpa (Cylinder), Slump 13+-2.5 | KW5: Formwork to curved / special shape incl. erection and striking | KX5: Deform Bar, DB10(fy=390 Mpa) | KY5: Steel Tie Wire 1mm (Estimated 4% of Total Rebar Weight) | KZ5: Structural steel section (H/I beam) SS400 incl. fabrication and erection | LA5: U-50*100*5mm | LB5: Tub-50*100*2mm | LC5: Steel purlin C-channel incl. fabrication, erection and fixing | LD5: Sag rod 12mm | LE5: Steel bracing member incl. fabrication, erection and connection | LF5: Steel base plate incl. drilling, welding and levelling | LG5: Steel plate 200x230x12mm | LH5: J bolt M12, L=600mm, grade 5.6 | LI5: Anchor bolt incl. template, setting and grouting | LJ5: High tensile bolt, nut and washer grade 8.8 | LK5: Site welding incl. electrode, preparation and testing | LL5: Anti-corrosive primer and 2 coats finish paint to steelwork | LM5: Intumescent fire protection coating to steelwork, 2 hour rating | LN5: Steel roof truss incl. fabrication, erection and connection | LO5: Steel purlin C-channel incl. fabrication, erection and fixing | LP5: Sag rod 12mm | LQ5: Steel bracing member incl. fabrication, erection and connection | LR5: Zinc sheet 0.4mm | LS5: Flashing cover roof | LT5: Anchor bolt incl. template, setting and grouting | LU5: Anti-corrosive primer and 2 coats finish paint to steelwork | LV5: Concrete cube / cylinder test as per specification | LW5: Rebar Testing as per Specification | LX5: Non-destructive test (rebound hammer / ultrasonic) as per specification | LY5: Setting out, survey and as-built record | LZ5: Hollow clay brick, thickness 100mm, laid in cement:sand mortar 1:4 | MA5: Hollow clay brick (80x80x180)mm, thickness 200mm Thk. | MB5: Hollow clay brick (80x80x180)mm, thickness 400mm Thk. | MC5: Hollow clay brick (80x80x180)mm, thickness 500mm Thk. | MD5: Hollow clay brick (80x80x180)mm, thickness 800mm Thk. | ME5: concrete block, thickness 100mm, laid in cement:sand mortar 1:4 | MF5: concrete block, thickness 150mm, laid in cement:sand mortar 1:4 | MG5: concrete block, thickness 200mm, laid in cement:sand mortar 1:4 | MH5: AAC lightweight block 100mm thk. laid in thin-bed adhesive mortar | MI5: AAC lightweight block 150mm thk. laid in thin-bed adhesive mortar | MJ5: AAC lightweight block 200mm thk. laid in thin-bed adhesive mortar | MK5: Precast concrete wall panel incl. lifting, setting and jointing | ML5: Panel joint backer rod and weatherproof silicone sealant | MM5: concrete block | MN5: Aluminium curtain wall system with 8mm tempered glass incl. framing and sealant | MO5: Aluminium composite panel 4mm, PVDF finish, incl. sub-frame and sealant | MP5: Aluminium louver screen incl. sub-frame and fixing | MQ5: 20mm cement plaster | MR5: Skim coat, 2 coats, sanded ready to receive paint | MS5: Cement molding / cornice incl. forming and finishing | MT5: Painting | MU5: Alkali resistant primer, 1 coat | MV5: Weather-shield exterior coating, primer + 2 coats | MW5: Wall tile Size 0.6x0.6m,Height 1.2m, at cooridor | MX5: Natural stone cladding incl. adhesive, anchor and pointing | MY5: Expansion joint incl. backer rod, sealant and cover profile | MZ5: Weatherproof silicone sealant incl. backer rod | NA5: Steel Door, W:900,H:2100mm incl. frame, ironmongery and painting | NB5: Fire rated steel door 2 hour incl. frame, closer and panic bar | NC5: Aluminium framed door with 6mm tempered glass incl. ironmongery | ND5: Aluminium sliding door with 6mm tempered glass incl. track and ironmongery | NE5: Frameless tempered glass door 12mm incl. floor spring and patch fitting | NF5: Aluminium framed glass door incl. ironmongery | NG5: Galvanised steel rolling shutter incl. guide rail and lock | NH5: Roller shutter motor and control panel incl. wiring | NI5: Mortice lockset, stainless steel lever handle | NJ5: Overhead door closer, adjustable | NK5: Stainless steel butt hinge 100mm | NL5: Floor / wall mounted door stopper | NM5: Internal Fix Windoor (L:1200,H:500)mm & Slide window (L:1200,H:1000)mm | NN5: Fixed aluminium window with 6mm tempered glass incl. sealant | NO5: Sliding aluminium window with 6mm tempered glass incl. track and lock | NP5: Casement aluminium window with 6mm glass incl. friction stay | NQ5: Aluminium louver incl. frame and fixing | NR5: Steel louver incl. frame, fixing and painting | NS5: Steel window grille incl. painting and fixing | NT5: Aluminium frame mosquito / insect screen | NU5: Weatherproof silicone sealant incl. backer rod | NV5: Cement / stone window sill incl. forming and finishing | NW5: Cement:sand screed 1:3, 40mm thk. steel trowel finish | NX5: Non-metallic floor hardener 3kg/m2 incl. power trowel finish | NY5: Floor tile Size 0.3x0.3m incl. adhesive and grout | NZ5: Anti-slip ceramic tile incl. adhesive and grout | OA5: Membrance sheet 2mm thk | OB5: Protection screed 40mm thk. to waterproofing membrane | OC5: 20mm cement plaster | OD5: Painting | OE5: Soffit cladding board incl. sub-frame and jointing | OF5: Stair tread and riser tile / stone finish incl. adhesive | OG5: Ramp anti-slip floor finish incl. adhesive and grout | OH5: Aluminium stair nosing with anti-slip insert | OI5: Tactile warning paving for accessibility incl. adhesive | OJ5: Steel handrail with paiting H=1m | OK5: Stainless steel / glass balustrade H=1.1m incl. fixing | OL5: Steel guard rail incl. fabrication, painting and fixing | OM5: Metal roof sheet 0.47mm thk. colour coated incl. fixing accessories | ON5: Concrete / clay roof tile incl. batten, ridge and fixing | OO5: Translucent polycarbonate roof sheet incl. fixing | OP5: Colour coated ridge cap incl. sealing and fixing | OQ5: Torch-on bituminous waterproofing membrane 3mm incl. primer and up-turn | OR5: Roof thermal insulation, glasswool 50mm with foil facing | OS5: Vapour barrier; supply and install complete incl. all accessories, jointing and making good. | OT5: Protection screed 40mm thk. to waterproofing membrane | OU5: Colour coated metal gutter incl. bracket and outlet | OV5: uPVC downpipe incl. bracket, bend and shoe | OW5: Cast iron / uPVC roof drain with dome grating | OX5: Flashing cover roof | OY5: Skylight with laminated glass incl. aluminium frame and flashing | OZ5: Roof access hatch incl. frame, cover and lock | PA5: Steel cat ladder incl. safety hoop and painting | PB5: Lightning air terminal base incl. fixing to roof structure | PC5: Hollow clay brick (80x80x180)mm, thickness 100mm Thk. | PD5: Hollow clay brick, thickness 200mm, laid in cement:sand mortar 1:4 | PE5: Gypsum board partition 2x12mm both sides on 76mm metal stud incl. jointing | PF5: Fibre cement board partition 2x9mm both sides on metal stud incl. jointing | PG5: Galvanised metal stud and track framing at 600mm c/c | PH5: Rockwool acoustic infill 50mm thk. density 60kg/m3 to partition cavity | PI5: Frameless tempered glass partition 12mm thk. incl. patch fitting and sealant | PJ5: Aluminium framed glass partition with 8mm tempered glass | PK5: Toilet cubicle, compact laminate 12mm thk. incl. door, hardware and pilaster | PL5: Urinal divider, compact laminate 12mm thk. incl. bracket | PM5: Steel handrail with paiting H=1m | PN5: Steel handrail with paiting Handrail on staircase, H=1m | PO5: Wall mounted guard rail / crash rail incl. bracket and fixing | PP5: Wood door size (L:1600,H:2100,W:500)mm | PQ5: Solid core timber door with laminate finish incl. frame and ironmongery | PR5: PVC door size (L:750,H:2000,W:400)mm | PS5: Steel door size (L:880,H:2100,W:400)mm | PT5: Fire rated door 1 hour, steel, incl. frame, closer and ironmongery | PU5: Aluminium framed door with 6mm tempered glass incl. ironmongery | PV5: Tempered glass door 12mm thk. incl. patch fitting and floor spring | PW5: Mortice lockset, stainless steel lever handle | PX5: Overhead door closer, adjustable | PY5: Stainless steel butt hinge 100mm | PZ5: Floor / wall mounted door stopper | QA5: Panic exit device / push bar to fire escape door | QB5: Interior aluminium framed glass window with 6mm glass | QC5: Interior aluminium louver incl. frame | QD5: LPG gas piping system incl. regulator, valve and testing | QE5: Laboratory gas outlet point incl. piping, valve and testing | QF5: 20mm cement plaster | QG5: Skim coat, 2 coats, sanded ready to receive paint | QH5: Painting | QI5: Alkali resistant primer, 1 coat | QJ5: Wall tile Size 0.6x0.6m,Height 1.2m, at cooridor | QK5: Toilet Wall tile Size 0.3x0.6m incl. adhesive and grout | QL5: Decorative wall cladding panel incl. sub-frame and fixing | QM5: Acoustic wall panel incl. sub-frame and fixing | QN5: Vinyl wallpaper incl. adhesive and surface preparation | QO5: Silver mirror 5mm thk. incl. backing and fixing | QP5: Tile / cement skirting 100mm high incl. adhesive and grout | QQ5: Cement:sand screed 1:3, 40mm thk. steel trowel finish | QR5: Self-levelling screed 5mm thk. to receive floor finish | QS5: Floor tile Size 0.3x0.3m incl. adhesive and grout | QT5: Toilet Floor tile Size 0.3x0.3m, anti-slip, incl. adhesive and grout | QU5: Homogeneous tile 600x600mm incl. adhesive and grout | QV5: Marble on staircase | QW5: Marble slab flooring 20mm thk. incl. bedding, polishing and sealing | QX5: Granite slab flooring 20mm thk. incl. bedding and polishing | QY5: Homogeneous vinyl sheet flooring 2mm thk. incl. adhesive and welding rod | QZ5: Epoxy floor coating, self-levelling 2mm thk. incl. primer | RA5: Engineered timber flooring incl. underlay and skirting | RB5: Carpet tile 500x500mm incl. adhesive | RC5: Raised access floor 600x600mm panel incl. pedestal | RD5: Membrance sheet 2mm thk | RE5: anti termite | RF5: Tile / cement skirting 100mm high incl. adhesive and grout | RG5: Aluminium stair nosing with anti-slip insert | RH5: Aluminium floor trim / divider strip | RI5: 10mm Plasterboard with 600mm ceiling frame height | RJ5: Gypsum board ceiling 9mm thk. on metal furring incl. jointing | RK5: Fibre cement board ceiling 4.5mm thk. on metal furring | RL5: Acoustic ceiling tile 600x600mm on exposed T-grid | RM5: Mineral fibre ceiling board 600x1200mm on T-grid system | RN5: Aluminium strip ceiling incl. carrier and trim | RO5: Metal open grid ceiling incl. suspension system | RP5: Ceiling access panel 600x600mm incl. frame and lock | RQ5: Gypsum cornice incl. fixing and jointing | RR5: Ceiling bulkhead incl. framing, board and jointing | RS5: Ceiling painting, primer + 2 coats emulsion | RT5: Curtain box / pelmet incl. framing and finishing | RU5: Toilet accessories set: paper holder, soap dispenser, coat hook, grab bar | RV5: Silver mirror 5mm thk. incl. backing and fixing | RW5: Solid surface counter top 12mm thk. incl. support and sealing | RX5: Steel locker unit incl. lock and fixing | RY5: Melamine faced shelving incl. bracket and fixing | RZ5: Roller blind / curtain incl. track and bracket | SA5: Magnetic white board incl. frame and fixing | SB5: Kitchen cabinet, melamine faced carcass incl. hardware | SC5: Solid surface counter top 12mm thk. incl. support and sealing | SD5: Stainless steel sink incl. tap, waste and P-trap | SE5: Laboratory bench with chemical resistant top incl. base cabinet | SF5: Library shelving unit incl. fixing | SG5: Sport / gymnasium equipment as per schedule | SH5: Signage | SI5: External round logo include framing | SJ5: Khmer and chinesse text | SK5: Wayfinding directional sign incl. frame and fixing | SL5: Room identification sign incl. fixing | SM5: Statutory / safety signage incl. fixing | SN5: Water closet, close-couple, vitreous china, incl. seat cover, cistern and connector | SO5: Wash basin, vitreous china, incl. tap, bottle trap, waste and bracket | SP5: Urinal, vitreous china, incl. flush valve, waste and bracket | SQ5: Shower set incl. mixer, riser rail, hand shower and hose | SR5: Squat pan incl. flush pipe, connector and floor fixing | SS5: Stainless steel sink incl. tap, waste and P-trap | ST5: Chromed brass tap / faucet incl. connector | SU5: Flush valve, exposed type, incl. connector | SV5: Chromed brass angle valve incl. flexible connector | SW5: Stainless steel floor drain with removable grating | SX5: Floor trap with water seal incl. grating | SY5: Clean out / rodding eye incl. cover | SZ5: Stainless steel toilet paper holder incl. fixing | TA5: Wall mounted soap dispenser incl. fixing | TB5: Stainless steel grab bar for accessible toilet incl. fixing | TC5: Electric hand dryer incl. wiring connection | TD5: Wall mounted split type air conditioner incl. indoor unit, bracket and control | TE5: Ceiling cassette type air conditioner incl. panel and control | TF5: Outdoor condensing unit incl. base, anti-vibration mount and wiring | TG5: VRF indoor unit incl. drain pump, control and commissioning | TH5: VRF outdoor unit incl. base, anti-vibration mount and wiring | TI5: VRF refnet joint / header incl. insulation | TJ5: Water cooled / air cooled chiller incl. base, connection and commissioning | TK5: Air handling unit incl. filter, coil, fan, drain pan and control | TL5: Fan coil unit incl. filter, drain pan, valve and control | TM5: Chilled water pump incl. base, coupling, valve and control | TN5: Cooling tower incl. base, make-up water and control | TO5: Copper refrigerant piping incl. insulation, fitting and gas charging | TP5: Chilled water piping incl. valve, fitting, insulation and support | TQ5: Condensate drain piping uPVC incl. insulation, fitting and support | TR5: Closed cell / rockwool pipe insulation incl. vapour barrier and cladding | TS5: Room thermostat / wired controller incl. wiring | TT5: Toilet exhaust fan incl. bracket, damper and wiring | TU5: Kitchen exhaust fan incl. bracket, damper and wiring | TV5: Car park ventilation fan incl. support and wiring | TW5: Fresh air supply fan incl. filter, damper and wiring | TX5: Staircase pressurization fan incl. relief damper and control | TY5: Stainless steel kitchen hood incl. grease filter and light | TZ5: Smoke extraction fan, 250°C/2hr rated, incl. control | UA5: Laboratory fume hood incl. exhaust fan, duct and control | UB5: Galvanised iron ductwork incl. flange, gasket, support and sealing | UC5: Insulated flexible duct incl. clamp and connection | UD5: Duct thermal insulation incl. vapour barrier and finish | UE5: Duct hanger and support incl. anchor and rod | UF5: Supply air diffuser incl. plenum box and damper | UG5: Return air grille incl. filter and frame | UH5: Exhaust air grille incl. frame and damper | UI5: Weather louver with bird screen incl. frame | UJ5: Volume control damper incl. actuator quadrant | UK5: Fire damper 2 hour rated incl. fusible link and access panel | UL5: Motorized damper incl. actuator and wiring | UM5: Air / water testing, adjusting and balancing incl. report | UN5: Main switchboard incl. ACB/MCCB, busbar, metering and testing | UO5: Sub distribution board incl. MCB/RCBO, enclosure and labelling | UP5: Busduct / busway incl. joint, support and tap-off unit | UQ5: Distribution transformer incl. base, connection and testing | UR5: Automatic power factor correction capacitor bank incl. controller | US5: Metering panel incl. CT, meter and wiring | UT5: XLPE/PVC power cable incl. termination, gland and lug | UU5: Control cable incl. termination and gland | UV5: Hot dip galvanised cable tray incl. support, bend and accessories | UW5: Metal cable trunking incl. cover, support and accessories | UX5: uPVC / GI conduit incl. bend, coupling, box and support | UY5: Cable ladder incl. support, bend and accessories | UZ5: 13A switched socket outlet point incl. wiring, conduit and accessories | VA5: Lighting switch point incl. wiring, conduit and accessories | VB5: Weatherproof isolator incl. wiring and fixing | VC5: Wiring point incl. cable, conduit and termination | VD5: LED interior luminaire incl. lamp, driver, wiring and fixing | VE5: LED exterior / flood luminaire IP65 incl. pole/bracket and wiring | VF5: LED emergency light with 3 hour battery backup incl. testing | VG5: LED exit sign with battery backup incl. fixing and testing | VH5: Occupancy / daylight sensor incl. wiring and commissioning | VI5: Earthing system incl. conductor, bonding and testing | VJ5: Copper earth rod with inspection pit incl. clamp and testing | VK5: Lightning air terminal incl. base, mast and connection | VL5: Lightning down conductor incl. clamp, tape and test joint | VM5: Diesel generator set incl. canopy, base, exhaust and commissioning | VN5: Automatic transfer switch incl. controller and wiring | VO5: Uninterruptible power supply incl. battery, cabinet and commissioning | VP5: Diesel fuel tank incl. piping, valve, level gauge and bund | VQ5: Addressable fire alarm control panel incl. battery and programming | VR5: Addressable smoke / heat detector incl. base and wiring | VS5: Manual call point incl. back box and wiring | VT5: Alarm bell / sounder incl. wiring and testing | VU5: IP CCTV camera incl. bracket, cabling and configuration | VV5: Network video recorder incl. hard disk, rack and configuration | VW5: Door access control set incl. reader, EM lock, button and controller | VX5: Audio / video intercom incl. wiring and commissioning | VY5: Cat6 data outlet incl. cable, patch panel termination and testing | VZ5: Network switch and 19" rack incl. patch panel, PDU and accessories | WA5: Telephone system incl. exchange, handset and cabling | WB5: MATV / TV outlet incl. coaxial cable, splitter and termination | WC5: Wireless access point incl. PoE cabling and configuration | WD5: Public address system incl. amplifier, mixer, microphone and zoning | WE5: Ceiling / wall speaker incl. cabling and termination | WF5: School bell and master clock system incl. programming | WG5: Projector with motorized screen incl. mount, cabling and commissioning | WH5: Classroom audio visual system incl. panel, speaker and cabling | WI5: Building management system panel incl. controller and graphics | WJ5: BMS field device / sensor incl. wiring and calibration | WK5: PPR / uPVC cold water piping incl. fitting, valve, support and testing | WL5: PPR hot water piping incl. insulation, fitting and testing | WM5: Closed cell / rockwool pipe insulation incl. vapour barrier and cladding | WN5: Gate / check / ball valve incl. flange, gasket and bolt | WO5: Water meter incl. strainer, valve and connection | WP5: Water storage tank incl. base, level control, pipework and cleaning | WQ5: Water transfer pump set incl. base, valve, control panel and wiring | WR5: Booster pump set with pressure vessel incl. control panel | WS5: Electric water heater incl. safety valve, bracket and wiring | WT5: Water level control system incl. electrode, relay and wiring | WU5: uPVC soil pipe incl. fitting, support, jointing and testing | WV5: uPVC waste pipe incl. fitting, trap, support and testing | WW5: uPVC vent pipe incl. fitting, cowl and support | WX5: uPVC rainwater downpipe incl. fitting, bracket and shoe | WY5: Manhole / inspection chamber incl. excavation, concrete, benching and cover | WZ5: Grease trap incl. excavation, installation, cover and connection | XA5: Precast septic tank incl. excavation, bedding, connection and backfill | XB5: Package sewage treatment plant incl. blower, control and commissioning | XC5: Connection to public sewer incl. excavation, pipe, chamber and reinstatement | XD5: Fire hydrant / landing valve incl. cabinet, hose and accessories | XE5: Fire hose reel 30m incl. cabinet, nozzle and valve | XF5: Landing valve incl. cabinet and blank cap | XG5: Fire riser piping, galvanised steel, incl. fitting, support and testing | XH5: Pendent / upright sprinkler head incl. escutcheon and testing | XI5: Sprinkler piping incl. fitting, hanger, support and hydrostatic testing | XJ5: Sprinkler alarm valve set incl. gauge, drain and trim | XK5: Flow switch / tamper switch incl. wiring to fire alarm panel | XL5: Fire pump set (electric + diesel + jockey) incl. controller and commissioning | XM5: Jockey pump incl. pressure switch and control | XN5: Fire water storage tank incl. base, level control and connection | XO5: Portable fire extinguisher incl. bracket, sign and servicing | XP5: Fire blanket incl. cabinet and fixing | XQ5: FM200 / CO2 clean agent suppression system incl. cylinder, nozzle and panel | XR5: Kitchen hood wet chemical suppression system incl. nozzle and control | XS5: Solar PV system incl. panel, inverter, mounting, cabling and commissioning | XT5: Water treatment plant incl. filter, dosing, control and commissioning | XU5: Swimming pool filtration system incl. pump, filter, dosing and control | XV5: Commercial kitchen equipment incl. connection and commissioning | XW5: Passenger lift, 1000kg / 13 person, incl. car, door, control and commissioning | XX5: Service / goods lift incl. car, door, control and commissioning | XY5: Firefighting lift incl. fireman switch, control and commissioning | XZ5: Platform / accessibility lift incl. control and commissioning | YA5: Escalator incl. truss, balustrade, control and commissioning | YB5: Lift pit access ladder incl. fixing | YC5: Lift shaft lighting and socket incl. wiring and switch | YD5: Lift machine room equipment incl. ventilation, lighting and hoisting beam | YE5: Testing, adjusting and commissioning of complete installation incl. report | YF5: As-built drawings incl. printing and soft copy submission | YG5: Operation and maintenance manual incl. warranty documents | YH5: Training of client operating personnel | YI5: Recommended spare parts as per specification | YJ5: Site clearing; supply and lay complete incl. base preparation and jointing. | YK5: Cut and fill to formation level incl. compaction | YL5: Compaction of formation to 95% MDD incl. watering and testing | YM5: Reinforced concrete paving 150mm thk. incl. base, mesh and joint | YN5: Asphalt concrete wearing course 50mm thk. incl. prime coat and base | YO5: Interlocking concrete paver 60mm thk. incl. sand bedding and jointing | YP5: Precast concrete kerb incl. bedding, haunching and jointing | YQ5: Thermoplastic road marking incl. surface preparation | YR5: Car park surfacing incl. marking, wheel stop and signage | YS5: Approved top soil spread and levelled | YT5: Turfing incl. top soil, fertiliser and watering to establishment | YU5: Supply and plant tree / shrub incl. pit, soil mix, stake and maintenance | YV5: Planter box incl. waterproofing, drainage layer and soil | YW5: Landscape irrigation system incl. piping, sprinkler, valve and controller | YX5: Boundary fence incl. post, mesh/panel, foundation and painting | YY5: Main entrance gate incl. frame, leaf, hardware, motor and painting | YZ5: Steel guard rail incl. fabrication, painting and fixing | ZA5: Boundary wall incl. foundation, blockwork, plaster and paint | ZB5: Flag pole incl. foundation, halyard and finishing | ZC5: Bollard incl. foundation and finishing | ZD5: Bicycle rack incl. fixing to slab | ZE5: Covered walkway incl. steel structure, roofing and finishes | ZF5: Guard house incl. structure, finishes and services | ZG5: Playground / sport court incl. surfacing, marking and equipment | ZH5: tile size (300x300)mm | ZI5: tile size (300x600)mm
A6: Super Structure | C6: Super Structure | D6: SEC002 | F6: Sub Structure|Shoring & Sheet Pile | G6: SUB002 | I6: Sub Structure|Site Preparation & Earthwork|Excavation | J6: DSC002 | M6: Shoring & Sheet Pile | N6: Structural Beam | O6: Concrete block | P6: Painting | Q6: Aluminium door | R6: Aluminium louver | S6: Floor tiling | U6: Handrail & Balustrade | V6: Roof waterproofing & insulation | W6: Dry wall partition | X6: PVC door | Z6: Painting | AA6: Floor tiling | AB6: Acoustic ceiling | AC6: Kitchen Fitting | AD6: Sanitary fitting | AE6: VRF / VRV system | AF6: Specialist ventilation | AG6: Air terminal | AH6: Cable & containment | AI6: Security system | AJ6: Water storage & pump | AK6: Sprinkler system | AM6: Escalator | AO6: Roads, path, paving | AP6: Excavation | AQ6: Sheet Pile Driving | AR6: Concrete | AS6: Pile Driving | AT6: Base Preparation | AU6: Base Preparation | AV6: Lean Concrete | AW6: Crush Stone | AX6: Base Preparation | AY6: Base Preparation | AZ6: Lean Concrete | BA6: Concrete | BB6: Formwork | BC6: Formwork | BD6: Formwork | BE6: Formwork | BF6: Formwork | BG6: Formwork | BH6: Formwork | BI6: Formwork | BJ6: U steel | BK6: Purlin | BL6: Rebar Testing | BM6: Hollow clay brick 200mm Thk. | BN6: Concrete block 150mm Thk. | BO6: AAC block 150mm Thk. | BP6: Panel jointing & sealant | BQ6: Curtain wall | BR6: Skim coat | BS6: Primer coat | BT6: Stone cladding | BU6: Sealant | BV6: Fire rated steel door | BW6: Aluminium sliding door | BX6: Framed glass door | BY6: Motor & control | BZ6: Door closer | CA6: Fixed glass window | CB6: Steel louver | CC6: Mosquito screen | CD6: Floor hardener | CE6: Anti-slip tile | CF6: Protection screed | CG6: Painting | CH6: Ramp finish | CI6: Balustrade | CJ6: Roof tile | CK6: Thermal insulation | CL6: Downpipe | CM6: Roof access hatch | CN6: Hollow clay brick 200mm Thk. | CO6: Cement board partition | CP6: Framed glass partition | CQ6: Urinal divider | CR6: Handrail on staircase | CS6: Solid core wood door | CU6: Fire rated door | CV6: Glass door | CW6: Door closer | CX6: Interior louver | CY6: Laboratory gas outlet | CZ6: Skim coat | DA6: Primer coat | DB6: Toilet Wall tile | DC6: Acoustic panel | DE6: Self-levelling screed | DF6: Toilet Floor tile | DG6: Marble flooring | DH6: Epoxy flooring | DI6: anti termite | DJ6: Stair nosing | DK6: Gypsum board ceiling | DL6: Mineral fibre ceiling | DM6: Metal grid ceiling | DN6: Cornice | DO6: Mirror | DP6: Counter top | DQ6: Library shelving | DR6: External round logo | DS6: Wash basin | DT6: Flush valve | DU6: Soap dispenser | DV6: Cassette type unit | DW6: VRF outdoor unit | DX6: Air handling unit (AHU) | DY6: Chilled water piping | DZ6: Kitchen exhaust fan | EA6: Smoke extraction fan | EB6: Flexible duct | EC6: Return air grille | ED6: Fire damper | EE6: Sub-distribution board (DB) | EF6: Control cable | EG6: Switch | EH6: Exterior luminaire | EI6: Earth rod & pit | EJ6: Automatic transfer switch (ATS) | EK6: Smoke / heat detector | EL6: NVR / recorder | EM6: Network switch / rack | EN6: Speaker | EO6: Field device & sensor | EP6: Hot water piping | EQ6: Transfer pump | ER6: Waste pipe | ES6: Sewage treatment plant (STP) | ET6: Hose reel | EU6: Sprinkler piping | EV6: Jockey pump | EW6: Fire blanket | EX6: Water treatment plant | EY6: Service / goods lift | FA6: Shaft lighting & socket | FB6: As-built drawing | FC6: Cut & fill | FD6: Asphalt paving | FE6: Turfing | FF6: Main gate | FG6: Bollard | FW6: Bored piling D800mm incl. boring, casing and disposal of spoil | FX6: Normal Concrete, 35Mpa (Cylinder), Slump 15+-2.5 | FY6: Deform Bar, DB12(fy=390 Mpa) | GC6: Pile Head Cutting up to required level D800mm | GD6: Pile Integrity Test (PIT) | GE6: Soil Coring for Bored Pile D800mm, Depth 30m | GF6: Static pile load test to 200% design working load | GM6: Static pile load test to 200% design working load | GN6: Soil Disposal | GP6: Crush Stone 40x60mm 150mm Thk. | GR6: Normal Concrete, 35Mpa (Cylinder), Slump 15+-2.5 | GS6: Formwork to curved / special shape incl. erection and striking | GT6: Deform Bar, DB12(fy=390 Mpa) | GW6: Sika Waterproofing | GY6: Soil Disposal | HA6: Crush Stone 40x60mm 150mm Thk. | HC6: Normal Concrete, 35Mpa (Cylinder), Slump 15+-2.5 | HD6: Formwork, plywood 18mm thk. incl. erection, bracing, oiling and striking | HE6: Deform Bar, DB12(fy=390 Mpa) | HH6: Sika Waterproofing | HJ6: Soil Disposal | HL6: Normal Concrete, 35Mpa (Cylinder), Slump 15+-2.5 | HM6: Formwork, plywood 18mm thk. incl. erection, bracing, oiling and striking | HN6: Deform Bar, DB12(fy=390 Mpa) | HP6: Sika Waterproofing | HR6: Crush Stone 40x60mm 150mm Thk. | HV6: Normal Concrete, 35Mpa (Cylinder), Slump 15+-2.5 | HW6: Formwork, plywood 18mm thk. incl. erection, bracing, oiling and striking | HX6: Deform Bar, DB12(fy=390 Mpa) | HZ6: Sika Waterproofing | IA6: Soil Disposal | IC6: Crush Stone 40x60mm 150mm Thk. | IE6: Normal Concrete, 35Mpa (Cylinder), Slump 15+-2.5 | IF6: Formwork, plywood 18mm thk. incl. erection, bracing, oiling and striking | IG6: Deform Bar, DB12(fy=390 Mpa) | IJ6: Sika Waterproofing | IL6: Soil Disposal | IN6: Crush Stone 40x60mm 150mm Thk. | IP6: Normal Concrete, 35Mpa (Cylinder), Slump 15+-2.5 | IQ6: Formwork, plywood 18mm thk. incl. erection, bracing, oiling and striking | IR6: Deform Bar, DB12(fy=390 Mpa) | IU6: Sika Waterproofing | IW6: Soil Disposal | IY6: Normal Concrete, 35Mpa (Cylinder), Slump 15+-2.5 | IZ6: Formwork, plywood 18mm thk. incl. erection, bracing, oiling and striking | JA6: Deform Bar, DB12(fy=390 Mpa) | JD6: Sika Waterproofing | JE6: Soil Disposal | JF6: Normal Concrete, 35Mpa (Cylinder), Slump 15+-2.5 | JG6: Formwork, plywood 18mm thk. incl. erection, bracing, oiling and striking | JH6: Deform Bar, DB12(fy=390 Mpa) | JK6: Sika Waterproofing | JN6: Normal Concrete, 35Mpa (Cylinder), Slump 15+-2.5 | JO6: Formwork, plywood 18mm thk. incl. erection, bracing, oiling and striking | JP6: Deform Bar, DB12(fy=390 Mpa) | JT6: Normal Concrete, 35Mpa (Cylinder), Slump 15+-2.5 | JU6: Formwork, plywood 18mm thk. incl. erection, bracing, oiling and striking | JV6: Deform Bar, DB12(fy=390 Mpa) | JX6: Normal Concrete, 35Mpa (Cylinder), Slump 15+-2.5 | JY6: Formwork, plywood 18mm thk. incl. erection, bracing, oiling and striking | JZ6: Deform Bar, DB12(fy=390 Mpa) | KD6: Normal Concrete, 35Mpa (Cylinder), Slump 15+-2.5 | KE6: Formwork, plywood 18mm thk. incl. erection, bracing, oiling and striking | KF6: Deform Bar, DB12(fy=390 Mpa) | KI6: Normal Concrete, 35Mpa (Cylinder), Slump 15+-2.5 | KJ6: Formwork, plywood 18mm thk. incl. erection, bracing, oiling and striking | KK6: Deform Bar, DB12(fy=390 Mpa) | KM6: Normal Concrete, 35Mpa (Cylinder), Slump 15+-2.5 | KN6: Formwork, plywood 18mm thk. incl. erection, bracing, oiling and striking | KO6: Deform Bar, DB12(fy=390 Mpa) | KQ6: Normal Concrete, 35Mpa (Cylinder), Slump 15+-2.5 | KR6: Formwork, plywood 18mm thk. incl. erection, bracing, oiling and striking | KS6: Deform Bar, DB12(fy=390 Mpa) | KV6: Normal Concrete, 35Mpa (Cylinder), Slump 15+-2.5 | KW6: Formwork, plywood 18mm thk. incl. erection, bracing, oiling and striking | KX6: Deform Bar, DB12(fy=390 Mpa) | LL6: Hot dip galvanizing to steelwork, 85 micron minimum | LU6: Hot dip galvanizing to steelwork, 85 micron minimum | MM6: External façade | MQ6: 15mm cement plaster | MT6: Painting, primer + 2 coats emulsion (interior) | NM6: Internal Fix Windoor (L:1800,H:500)mm | NY6: Floor tile Size 0.6x0.6m incl. adhesive and grout | OA6: Sika Waterproofing | OC6: 15mm cement plaster | OD6: Painting, primer + 2 coats emulsion (interior) | PP6: Wood door size (L:900,H:2100,W:400)mm | PR6: PVC door size (L:800,H:2100,W:400)mm | PS6: Steel Door, W:900,H:2100mm incl. frame, ironmongery and painting | QF6: 15mm cement plaster | QH6: Painting, primer + 2 coats emulsion (interior) | QS6: Floor tile Size 0.6x0.6m incl. adhesive and grout | RD6: Sika Waterproofing
A7: Exterior Wall and Partition | C7: Exterior Wall and Partition | D7: SEC003 | F7: Sub Structure|Bored Pile | G7: SUB003 | I7: Sub Structure|Site Preparation & Earthwork|Backfill | J7: DSC003 | M7: Bored Pile | N7: Structural Slab | O7: AAC block | P7: Wall tiling | Q7: Glass door | R7: Window accessories | S7: Waterproofing | V7: Roof drainage | W7: Glass partition | X7: Steel Door | Z7: Wall tiling | AA7: Stone flooring | AB7: Metal ceiling | AC7: Special purpose Fitting | AD7: Sanitary accessories | AE7: Chilled water system | AG7: Damper & control | AH7: Power & wiring accessories | AI7: Communication system | AJ7: Drainage | AK7: Fire pump & tank | AM7: Lift shaft equipment | AO7: Landscape | AP7: Backfill | AQ7: Sheet Pile Extraction | AR7: Rebar | AS7: Pile Splicing | AT7: Crush Stone | AU7: Crush Stone | AV7: Concrete | AW7: Anti-Termite | AX7: Crush Stone | AY7: Crush Stone | AZ7: Concrete | BA7: Formwork | BB7: Rebar | BC7: Rebar | BD7: Rebar | BE7: Rebar | BF7: Rebar | BG7: Rebar | BH7: Rebar | BI7: Rebar | BJ7: Hollow steel tube | BK7: Sag rod | BL7: Non-Destructive Test | BM7: Hollow clay brick 400mm Thk. | BN7: Concrete block 200mm Thk. | BO7: AAC block 200mm Thk. | BQ7: Aluminium composite panel | BR7: Molding / Cornice | BS7: Weather-shield coating | BZ7: Hinge | CA7: Sliding glass window | CC7: Sealant | CG7: Soffit cladding | CH7: Stair nosing | CI7: Guard rail | CJ7: Translucent sheet | CK7: Vapour barrier | CL7: Roof drain | CM7: Roof ladder | CO7: Metal stud framing | CR7: Wall guard rail | CW7: Hinge | DC7: Wallpaper | DF7: Homogeneous tile | DG7: Granite flooring | DH7: Wooden flooring | DJ7: Floor trim / divider | DK7: Cement board ceiling | DN7: Bulkhead | DO7: Counter top | DP7: Sink | DQ7: Sport / gym equipment | DR7: Khmer and Chinese text | DS7: Urinal | DT7: Angle valve | DU7: Grab bar | DV7: Outdoor condensing unit | DW7: Refnet joint | DX7: Fan coil unit (FCU) | DY7: Condensate drain piping | DZ7: Car park ventilation fan | EA7: Laboratory fume hood | EB7: Duct insulation | EC7: Exhaust grille | ED7: Motorized damper | EE7: Busduct / Busway | EF7: Cable tray | EG7: Isolator | EH7: Emergency light | EI7: Lightning air terminal | EJ7: UPS | EK7: Manual call point | EL7: Access control door | EM7: Telephone system | EN7: Bell / clock system | EP7: Pipe insulation | EQ7: Booster pump | ER7: Vent pipe | ES7: Sewer connection | ET7: Landing valve | EU7: Alarm valve set | EV7: Fire water tank | EW7: FM200 / CO2 system | EX7: Swimming pool system | EY7: Firefighting lift | FA7: Machine room equipment | FB7: O&M manual | FC7: Compaction | FD7: Interlocking paver | FE7: Tree & shrub | FF7: Guard rail | FG7: Bicycle rack | FX7: Normal Concrete, 25Mpa (Cylinder), Slump 10+-2.5 | FY7: Deform Bar, DB14(fy=390 Mpa) | GN7: Soil Excavation | GR7: Normal Concrete, 25Mpa (Cylinder), Slump 10+-2.5 | GS7: Formwork, plywood 18mm thk. incl. erection, bracing, oiling and striking | GT7: Deform Bar, DB14(fy=390 Mpa) | GW7: Cementitious waterproofing, 2 coats, to wet area incl. up-turn 300mm | GY7: Soil Excavation | HC7: Normal Concrete, 25Mpa (Cylinder), Slump 10+-2.5 | HE7: Deform Bar, DB14(fy=390 Mpa) | HH7: Cementitious waterproofing, 2 coats, to wet area incl. up-turn 300mm | HJ7: Soil Excavation | HL7: Normal Concrete, 25Mpa (Cylinder), Slump 10+-2.5 | HN7: Deform Bar, DB14(fy=390 Mpa) | HP7: Cementitious waterproofing, 2 coats, to wet area incl. up-turn 300mm | HV7: Normal Concrete, 25Mpa (Cylinder), Slump 10+-2.5 | HX7: Deform Bar, DB14(fy=390 Mpa) | HZ7: Cementitious waterproofing, 2 coats, to wet area incl. up-turn 300mm | IA7: Soil Excavation | IE7: Normal Concrete, 25Mpa (Cylinder), Slump 10+-2.5 | IG7: Deform Bar, DB14(fy=390 Mpa) | IJ7: Cementitious waterproofing, 2 coats, to wet area incl. up-turn 300mm | IL7: Soil Excavation | IP7: Normal Concrete, 25Mpa (Cylinder), Slump 10+-2.5 | IR7: Deform Bar, DB14(fy=390 Mpa) | IU7: Cementitious waterproofing, 2 coats, to wet area incl. up-turn 300mm | IW7: Soil Excavation | IY7: Normal Concrete, 25Mpa (Cylinder), Slump 10+-2.5 | JA7: Deform Bar, DB14(fy=390 Mpa) | JD7: Cementitious waterproofing, 2 coats, to wet area incl. up-turn 300mm | JE7: Soil Excavation | JF7: Normal Concrete, 25Mpa (Cylinder), Slump 10+-2.5 | JH7: Deform Bar, DB14(fy=390 Mpa) | JK7: Cementitious waterproofing, 2 coats, to wet area incl. up-turn 300mm | JN7: Normal Concrete, 25Mpa (Cylinder), Slump 10+-2.5 | JP7: Deform Bar, DB14(fy=390 Mpa) | JT7: Normal Concrete, 25Mpa (Cylinder), Slump 10+-2.5 | JV7: Deform Bar, DB14(fy=390 Mpa) | JX7: Normal Concrete, 25Mpa (Cylinder), Slump 10+-2.5 | JZ7: Deform Bar, DB14(fy=390 Mpa) | KD7: Normal Concrete, 25Mpa (Cylinder), Slump 10+-2.5 | KF7: Deform Bar, DB14(fy=390 Mpa) | KI7: Normal Concrete, 25Mpa (Cylinder), Slump 10+-2.5 | KK7: Deform Bar, DB14(fy=390 Mpa) | KM7: Normal Concrete, 25Mpa (Cylinder), Slump 10+-2.5 | KO7: Deform Bar, DB14(fy=390 Mpa) | KQ7: Normal Concrete, 25Mpa (Cylinder), Slump 10+-2.5 | KS7: Deform Bar, DB14(fy=390 Mpa) | KV7: Normal Concrete, 25Mpa (Cylinder), Slump 10+-2.5 | KX7: Deform Bar, DB14(fy=390 Mpa) | MT7: Painting, primer + 2 coats weather-shield (exterior) | NM7: Internal Fix Windoor (L:2000,H:500)mm & Slide window (L:2000,H:1000)mm | OA7: Cementitious waterproofing, 2 coats, to wet area incl. up-turn 300mm | OD7: Painting, primer + 2 coats weather-shield (exterior) | PP7: Wood door size (L:900,H:2100,W:500)mm | PR7: PVC door size (L:900,H:2100,W:400)mm | QH7: Painting, primer + 2 coats weather-shield (exterior) | RD7: Cementitious waterproofing, 2 coats, to wet area incl. up-turn 300mm
A8: Exterior Wall Finishes | C8: Exterior Wall Finishes | D8: SEC004 | F8: Sub Structure|Driven Pile / Micro Pile | G8: SUB004 | I8: Sub Structure|Site Preparation & Earthwork|Soil Disposal | J8: DSC004 | M8: Driven Pile / Micro Pile | N8: Structural Wall | O8: Precast concrete panel | P8: Expansion joint | Q8: Rolling shutter | V8: Roof accessories | W8: Toilet cubicle | X8: Aluminium / Glass door | Z8: Wall cladding | AA8: Resilient flooring | AB8: Ceiling accessories | AC8: Signage | AE8: AC piping & accessories | AH8: Lighting | AI8: Audio visual & school system | AJ8: Sewage treatment | AK8: Portable & special suppression | AO8: Fence, railing & wall | AP8: Soil Disposal | AQ8: Strut & Waler | AR8: Steel Tie Wire | AS8: Pile Head Cutting | AT8: Lean Concrete | AU8: Lean Concrete | AV8: Formwork | AW8: Vapour Barrier | AX8: Lean Concrete | AY8: Lean Concrete | AZ8: Formwork | BA8: Rebar | BB8: Steel Tie Wire | BC8: Steel Tie Wire | BD8: Steel Tie Wire | BE8: Steel Tie Wire | BF8: Steel Tie Wire | BG8: Steel Tie Wire | BH8: Steel Tie Wire | BI8: Steel Tie Wire | BJ8: Purlin | BK8: Bracing | BL8: Survey & As-Built | BM8: Hollow clay brick 500mm Thk. | BQ8: Louver screen | BZ8: Door stopper | CA8: Casement window | CC8: Window sill | CH8: Tactile paving | CJ8: Ridge cap | CK8: Protection screed | CL8: Flashing | CM8: Lightning terminal base | CO8: Acoustic infill | CW8: Door stopper | DC8: Mirror | DH8: Carpet | DN8: Ceiling painting | DO8: Locker | DR8: Wayfinding sign | DS8: Shower set | DT8: Floor drain | DU8: Hand dryer | DX8: Chilled water pump | DY8: Pipe insulation | DZ8: Fresh air fan | EB8: Duct support | EC8: Louver | ED8: Testing & balancing | EE8: Transformer | EF8: Cable trunking | EG8: Wiring point | EH8: Exit sign | EI8: Down conductor | EJ8: Fuel tank & piping | EK8: Alarm bell / sounder | EL8: Intercom | EM8: MATV / TV outlet | EN8: Projector & screen | EP8: Valve & fitting | EQ8: Water heater | ER8: Rainwater downpipe | ET8: Fire riser piping | EU8: Flow switch | EW8: Kitchen suppression system | EX8: Kitchen equipment | EY8: Platform / accessibility lift | FB8: Training | FD8: Kerb | FE8: Planter | FF8: Boundary wall | FG8: Covered walkway | FX8: Normal Concrete, 30Mpa (Cylinder), Slump 13+-2.5 | FY8: Deform Bar, DB16(fy=390 Mpa) | GR8: Normal Concrete, 30Mpa (Cylinder), Slump 13+-2.5 | GT8: Deform Bar, DB16(fy=390 Mpa) | HC8: Normal Concrete, 30Mpa (Cylinder), Slump 13+-2.5 | HE8: Deform Bar, DB16(fy=390 Mpa) | HL8: Normal Concrete, 30Mpa (Cylinder), Slump 13+-2.5 | HN8: Deform Bar, DB16(fy=390 Mpa) | HV8: Normal Concrete, 30Mpa (Cylinder), Slump 13+-2.5 | HX8: Deform Bar, DB16(fy=390 Mpa) | IE8: Normal Concrete, 30Mpa (Cylinder), Slump 13+-2.5 | IG8: Deform Bar, DB16(fy=390 Mpa) | IP8: Normal Concrete, 30Mpa (Cylinder), Slump 13+-2.5 | IR8: Deform Bar, DB16(fy=390 Mpa) | IY8: Normal Concrete, 30Mpa (Cylinder), Slump 13+-2.5 | JA8: Deform Bar, DB16(fy=390 Mpa) | JF8: Normal Concrete, 30Mpa (Cylinder), Slump 13+-2.5 | JH8: Deform Bar, DB16(fy=390 Mpa) | JN8: Normal Concrete, 30Mpa (Cylinder), Slump 13+-2.5 | JP8: Deform Bar, DB16(fy=390 Mpa) | JT8: Normal Concrete, 30Mpa (Cylinder), Slump 13+-2.5 | JV8: Deform Bar, DB16(fy=390 Mpa) | JX8: Normal Concrete, 30Mpa (Cylinder), Slump 13+-2.5 | JZ8: Deform Bar, DB16(fy=390 Mpa) | KD8: Normal Concrete, 30Mpa (Cylinder), Slump 13+-2.5 | KF8: Deform Bar, DB16(fy=390 Mpa) | KI8: Normal Concrete, 30Mpa (Cylinder), Slump 13+-2.5 | KK8: Deform Bar, DB16(fy=390 Mpa) | KM8: Normal Concrete, 30Mpa (Cylinder), Slump 13+-2.5 | KO8: Deform Bar, DB16(fy=390 Mpa) | KQ8: Normal Concrete, 30Mpa (Cylinder), Slump 13+-2.5 | KS8: Deform Bar, DB16(fy=390 Mpa) | KV8: Normal Concrete, 30Mpa (Cylinder), Slump 13+-2.5 | KX8: Deform Bar, DB16(fy=390 Mpa) | NM8: Internal Fix Windoor (L:2000,H:500)mm & Slide window (L:2000,H:10300)mm | PP8: Double leaf wood door, W:1600,H:2100mm incl. frame and ironmongery | PR8: PVC door, W:700,H:2000mm incl. frame and ironmongery
A9: Exterior Door | C9: Exterior Door | D9: SEC005 | F9: Sub Structure|Pile Cap & Stump | G9: SUB005 | I9: Sub Structure|Site Preparation & Earthwork|Compaction | J9: DSC005 | M9: Pile Cap & Stump | N9: Structural Staircase | O9: External façade | Q9: Door ironmongery | W9: Handrail | X9: Door ironmongery | Z9: Skirting | AA9: Waterproofing | AH9: Earthing & lightning protection | AI9: Building management | AO9: External fixture | AP9: Compaction | AQ9: Ground Anchor | AR9: Steel Round Pipe | AS9: Pile Load Test | AT9: Concrete | AU9: Concrete | AV9: Rebar | AW9: Lean Concrete | AX9: Concrete | AY9: Concrete | AZ9: Rebar | BA9: Steel Tie Wire | BB9: Column Starter Bar | BD9: Post-Tension Strand | BE9: Water Stop | BH9: Water Stop | BJ9: Sag rod | BK9: Zinc sheet | BM9: Hollow clay brick 800mm Thk. | CW9: Panic bar | DH9: Raised floor | DN9: Curtain box | DO9: Shelving | DR9: Room sign | DS9: Squat pan | DT9: Floor trap | DX9: Cooling tower | DY9: Thermostat / control | DZ9: Staircase pressurization fan | EE9: Capacitor bank | EF9: Conduit | EH9: Lighting control / sensor | EM9: WiFi access point | EN9: Classroom AV system | EP9: Water meter | EQ9: Level control | ER9: Manhole / inspection chamber | FB9: Spare parts | FD9: Road marking | FE9: Irrigation system | FG9: Guard house | FY9: Deform Bar, DB20(fy=390 Mpa) | GT9: Deform Bar, DB20(fy=390 Mpa) | HE9: Deform Bar, DB20(fy=390 Mpa) | HN9: Deform Bar, DB20(fy=390 Mpa) | HX9: Deform Bar, DB20(fy=390 Mpa) | IG9: Deform Bar, DB20(fy=390 Mpa) | IR9: Deform Bar, DB20(fy=390 Mpa) | JA9: Deform Bar, DB20(fy=390 Mpa) | JH9: Deform Bar, DB20(fy=390 Mpa) | JP9: Deform Bar, DB20(fy=390 Mpa) | JV9: Deform Bar, DB20(fy=390 Mpa) | JZ9: Deform Bar, DB20(fy=390 Mpa) | KF9: Deform Bar, DB20(fy=390 Mpa) | KK9: Deform Bar, DB20(fy=390 Mpa) | KO9: Deform Bar, DB20(fy=390 Mpa) | KS9: Deform Bar, DB20(fy=390 Mpa) | KX9: Deform Bar, DB20(fy=390 Mpa) | NM9: Internal Fix Windoor (L:3000,H:500)mm | PP9: Wood door, W:800,H:2100mm incl. frame, ironmongery and painting | PR9: PVC door, W:800,H:2000mm incl. frame and ironmongery
A10: Exterior Window and Louver | C10: Exterior Window and Louver | D10: SEC006 | F10: Sub Structure|Footing / Raft Foundation | G10: SUB006 | I10: Sub Structure|Site Preparation & Earthwork|Dewatering | J10: DSC006 | M10: Footing / Raft Foundation | N10: Parapet wall & Stiffener Column | X10: Interior window / louver | Z10: Toilet Wall tile | AA10: Floor accessories | AH10: Standby power | AP10: Dewatering | AQ10: Guide Wall | AR10: Bentonite / Slurry | AT10: Formwork | AU10: Formwork | AV10: Steel Tie Wire | AW10: Concrete | AX10: Formwork | AY10: Formwork | AZ10: Steel Tie Wire | BA10: Water Stop | BB10: Grouting | BD10: Steel Deck | BJ10: Bracing | BK10: Flashing | DO10: Blind & curtain | DR10: Statutory / safety sign | DS10: Sink | DT10: Clean out | EE10: Metering panel | EF10: Cable ladder | ER10: Grease trap | FD10: Car park | FG10: Playground / sport court | FY10: Deform Bar, DB25(fy=390 Mpa) | GT10: Deform Bar, DB25(fy=390 Mpa) | HE10: Deform Bar, DB25(fy=390 Mpa) | HN10: Deform Bar, DB25(fy=390 Mpa) | HX10: Deform Bar, DB25(fy=390 Mpa) | IG10: Deform Bar, DB25(fy=390 Mpa) | IR10: Deform Bar, DB25(fy=390 Mpa) | JA10: Deform Bar, DB25(fy=390 Mpa) | JH10: Deform Bar, DB25(fy=390 Mpa) | JP10: Deform Bar, DB25(fy=390 Mpa) | JV10: Deform Bar, DB25(fy=390 Mpa) | JZ10: Deform Bar, DB25(fy=390 Mpa) | KF10: Deform Bar, DB25(fy=390 Mpa) | KK10: Deform Bar, DB25(fy=390 Mpa) | KO10: Deform Bar, DB25(fy=390 Mpa) | KS10: Deform Bar, DB25(fy=390 Mpa) | KX10: Deform Bar, DB25(fy=390 Mpa) | NM10: Internal Fix Windoor (L:3000,H:500)mm & Slide window (L:3000,H:1000)mm | PP10: Wood door, W:900,H:2100mm incl. frame, ironmongery and painting | PR10: PVC door, W:900,H:2000mm incl. frame and ironmongery
A11: Exterior floor | C11: Exterior floor | D11: SEC007 | F11: Sub Structure|Ground Beam / Tie Beam | G11: SUB007 | I11: Sub Structure|Site Preparation & Earthwork|Levelling & Setting Out | J11: DSC007 | M11: Ground Beam / Tie Beam | N11: Lift Core / Shear Core | AA11: Toilet Floor tile | AP11: Levelling & Setting Out | AR11: Bored Pile Head Cutting | AT11: Rebar | AU11: Rebar | AV11: Waterproofing | AW11: Formwork | AX11: Rebar | AY11: Rebar | AZ11: Water Stop | BA11: Waterproofing | BJ11: Base Plate | BK11: Anchor Bolt | DO11: White board | FY11: Deform Bar, DB32(fy=390 Mpa) | GT11: Deform Bar, DB32(fy=390 Mpa) | HE11: Deform Bar, DB32(fy=390 Mpa) | HN11: Deform Bar, DB32(fy=390 Mpa) | HX11: Deform Bar, DB32(fy=390 Mpa) | IG11: Deform Bar, DB32(fy=390 Mpa) | IR11: Deform Bar, DB32(fy=390 Mpa) | JA11: Deform Bar, DB32(fy=390 Mpa) | JH11: Deform Bar, DB32(fy=390 Mpa) | JP11: Deform Bar, DB32(fy=390 Mpa) | JV11: Deform Bar, DB32(fy=390 Mpa) | JZ11: Deform Bar, DB32(fy=390 Mpa) | KF11: Deform Bar, DB32(fy=390 Mpa) | KK11: Deform Bar, DB32(fy=390 Mpa) | KO11: Deform Bar, DB32(fy=390 Mpa) | KS11: Deform Bar, DB32(fy=390 Mpa) | KX11: Deform Bar, DB32(fy=390 Mpa) | NM11: Internal Fix Windoor (L:4000,H:500)mm & Slide window (L:4000,H:1700)mm
A12: Exterior soffit | C12: Exterior soffit | D12: SEC008 | F12: Sub Structure|Slab on Grade / Ground Slab | G12: SUB008 | I12: Sub Structure|Shoring & Sheet Pile|Sheet Pile Supply | J12: DSC008 | M12: Slab on Grade / Ground Slab | N12: Ramp | AR12: Bored Pile Testing | AT12: Steel Tie Wire | AU12: Steel Tie Wire | AW12: Rebar | AX12: Steel Tie Wire | AY12: Steel Tie Wire | AZ12: Waterproofing | BA12: Protection Board | BJ12: Steel plate | BK12: Painting / Galvanizing | FY12: Round Bar, RB8(fy=250 Mpa) | GT12: Round Bar, RB8(fy=250 Mpa) | HE12: Round Bar, RB8(fy=250 Mpa) | HN12: Round Bar, RB8(fy=250 Mpa) | HX12: Round Bar, RB8(fy=250 Mpa) | IG12: Round Bar, RB8(fy=250 Mpa) | IR12: Round Bar, RB8(fy=250 Mpa) | JA12: Round Bar, RB8(fy=250 Mpa) | JH12: Round Bar, RB8(fy=250 Mpa) | JP12: Round Bar, RB8(fy=250 Mpa) | JV12: Round Bar, RB8(fy=250 Mpa) | JZ12: Round Bar, RB8(fy=250 Mpa) | KF12: Round Bar, RB8(fy=250 Mpa) | KK12: Round Bar, RB8(fy=250 Mpa) | KO12: Round Bar, RB8(fy=250 Mpa) | KS12: Round Bar, RB8(fy=250 Mpa) | KX12: Round Bar, RB8(fy=250 Mpa) | NM12: Internal Fix Windoor (L:900,H:1000)mm
A13: Exterior Stair Ramp | C13: Exterior Stair Ramp | D13: SEC009 | F13: Sub Structure|Septic tank | G13: SUB009 | I13: Sub Structure|Shoring & Sheet Pile|Sheet Pile Driving | J13: DSC009 | M13: Septic tank | N13: Structural Steel | AR13: Bored Pile Coring | AT13: Water Stop | AU13: Water Stop | AW13: Steel Tie Wire | AX13: Water Stop | AY13: Water Stop | BA13: Drainage Board | BJ13: J bolt | FY13: Round Bar, RB6(fy=250 Mpa) | GT13: Round Bar, RB6(fy=250 Mpa) | HE13: Round Bar, RB6(fy=250 Mpa) | HN13: Round Bar, RB6(fy=250 Mpa) | HX13: Round Bar, RB6(fy=250 Mpa) | IG13: Round Bar, RB6(fy=250 Mpa) | IR13: Round Bar, RB6(fy=250 Mpa) | JA13: Round Bar, RB6(fy=250 Mpa) | JH13: Round Bar, RB6(fy=250 Mpa) | JP13: Round Bar, RB6(fy=250 Mpa) | JV13: Round Bar, RB6(fy=250 Mpa) | JZ13: Round Bar, RB6(fy=250 Mpa) | KF13: Round Bar, RB6(fy=250 Mpa) | KK13: Round Bar, RB6(fy=250 Mpa) | KO13: Round Bar, RB6(fy=250 Mpa) | KS13: Round Bar, RB6(fy=250 Mpa) | KX13: Round Bar, RB6(fy=250 Mpa) | NM13: Windoor Aluminium frame with 6mm tempered glass, fix + slide panel
A14: Roofing | C14: Roofing | D14: SEC010 | F14: Sub Structure|Water Tank / Sump Pit | G14: SUB010 | I14: Sub Structure|Shoring & Sheet Pile|Sheet Pile Extraction | J14: DSC010 | M14: Water Tank / Sump Pit | N14: Roof Structure / Truss | AR14: Pile Load Test | AT14: Waterproofing | AU14: Waterproofing | AW14: Waterproofing | AX14: Waterproofing | AY14: Waterproofing | BJ14: Anchor Bolt | NM14: Windoor Aluminium frame with 6mm tempered glass, fix panel
A15: Interior Wall and Partition | C15: Interior Wall and Partition | D15: SEC011 | F15: Sub Structure|Lift Pit | G15: SUB011 | I15: Sub Structure|Shoring & Sheet Pile|Strut & Waler | J15: DSC011 | M15: Lift Pit | N15: Testing & Quality Control | AR15: Rebar Testing | AT15: Anti-Termite | AU15: Anti-Termite | AX15: Anti-Termite | AY15: Anti-Termite | BJ15: Bolt & Nut
A16: Interior Doors | C16: Interior Doors | D16: SEC012 | F16: Sub Structure|Basement / Retaining Wall | G16: SUB012 | I16: Sub Structure|Shoring & Sheet Pile|Ground Anchor | J16: DSC012 | M16: Basement / Retaining Wall | AR16: Concrete Testing | BJ16: Welding
A17: Special installation | C17: Special installation | D17: SEC013 | F17: Super Structure|Structural Column | G17: SUB013 | I17: Sub Structure|Shoring & Sheet Pile|Guide Wall | J17: DSC013 | BJ17: Painting / Galvanizing
A18: Interior Wall Finishes | C18: Interior Wall Finishes | D18: SEC014 | F18: Super Structure|Structural Beam | G18: SUB014 | I18: Sub Structure|Bored Pile|Bored Pile Boring | J18: DSC014 | BJ18: Fire Proofing
A19: Interior Floor Finishes | C19: Interior Floor Finishes | D19: SEC015 | F19: Super Structure|Structural Slab | G19: SUB015 | I19: Sub Structure|Bored Pile|Concrete | J19: DSC015
A20: Ceiling Finishes | C20: Ceiling Finishes | D20: SEC016 | F20: Super Structure|Structural Wall | G20: SUB016 | I20: Sub Structure|Bored Pile|Rebar | J20: DSC016
A21: Fittings, furnishings and equipment | C21: Fittings, furnishings and equipment | D21: SEC017 | F21: Super Structure|Structural Staircase | G21: SUB017 | I21: Sub Structure|Bored Pile|Steel Tie Wire | J21: DSC017
A22: Sanitary Installations | C22: Sanitary Installations | D22: SEC018 | F22: Super Structure|Parapet wall & Stiffener Column | G22: SUB018 | I22: Sub Structure|Bored Pile|Steel Round Pipe | J22: DSC018
A23: AIR-CONDITIONAL SYSTEM | C23: AIR-CONDITIONAL SYSTEM | D23: SEC019 | F23: Super Structure|Lift Core / Shear Core | G23: SUB019 | I23: Sub Structure|Bored Pile|Bentonite / Slurry | J23: DSC019
A24: MECHANICAL VENTILATION SYSTEM | C24: MECHANICAL VENTILATION SYSTEM | D24: SEC020 | F24: Super Structure|Ramp | G24: SUB020 | I24: Sub Structure|Bored Pile|Bored Pile Head Cutting | J24: DSC020
A25: MV DISTRIBUTION SYSTEM | C25: MV DISTRIBUTION SYSTEM | D25: SEC021 | F25: Super Structure|Structural Steel | G25: SUB021 | I25: Sub Structure|Bored Pile|Bored Pile Testing | J25: DSC021
A26: ELECTRICAL SYSTEM | C26: ELECTRICAL SYSTEM | D26: SEC022 | F26: Super Structure|Roof Structure / Truss | G26: SUB022 | I26: Sub Structure|Bored Pile|Bored Pile Coring | J26: DSC022
A27: ELV INSTALLATION | C27: ELV INSTALLATION | D27: SEC023 | F27: Super Structure|Testing & Quality Control | G27: SUB023 | I27: Sub Structure|Bored Pile|Pile Load Test | J27: DSC023
A28: PLUMBING SYSTEM | C28: PLUMBING SYSTEM | D28: SEC024 | F28: Exterior Wall and Partition|Hollow clay brick | G28: SUB024 | I28: Sub Structure|Bored Pile|Rebar Testing | J28: DSC024
A29: FIRE FIGHTING SYSTEM | C29: FIRE FIGHTING SYSTEM | D29: SEC025 | F29: Exterior Wall and Partition|Concrete block | G29: SUB025 | I29: Sub Structure|Bored Pile|Concrete Testing | J29: DSC025
A30: Specialist Installations | C30: Specialist Installations | D30: SEC026 | F30: Exterior Wall and Partition|AAC block | G30: SUB026 | I30: Sub Structure|Driven Pile / Micro Pile|Pile Supply | J30: DSC026
... A33: External Work | C33: External Work | D33: SEC029 | F33: Exterior Wall Finishes|Plastering | G33: SUB029 | I33: Sub Structure|Driven Pile / Micro Pile|Pile Head Cutting | J33: DSC029
F34: Exterior Wall Finishes|Painting | G34: SUB030 | I34: Sub Structure|Driven Pile / Micro Pile|Pile Load Test | J34: DSC030
F35: Exterior Wall Finishes|Wall tiling | G35: SUB031 | I35: Sub Structure|Pile Cap & Stump|Earthwork | J35: DSC031
F36: Exterior Wall Finishes|Expansion joint | G36: SUB032 | I36: Sub Structure|Pile Cap & Stump|Base Preparation | J36: DSC032
F37: Exterior Door|Steel Door | G37: SUB033 | I37: Sub Structure|Pile Cap & Stump|Crush Stone | J37: DSC033
F38: Exterior Door|Aluminium door | G38: SUB034 | I38: Sub Structure|Pile Cap & Stump|Lean Concrete | J38: DSC034
F39: Exterior Door|Glass door | G39: SUB035 | I39: Sub Structure|Pile Cap & Stump|Concrete | J39: DSC035
F40: Exterior Door|Rolling shutter | G40: SUB036 | I40: Sub Structure|Pile Cap & Stump|Formwork | J40: DSC036
F41: Exterior Door|Door ironmongery | G41: SUB037 | I41: Sub Structure|Pile Cap & Stump|Rebar | J41: DSC037
F42: Exterior Window and Louver|Glass Window | G42: SUB038 | I42: Sub Structure|Pile Cap & Stump|Steel Tie Wire | J42: DSC038
F43: Exterior Window and Louver|Aluminium louver | G43: SUB039 | I43: Sub Structure|Pile Cap & Stump|Water Stop | J43: DSC039
F44: Exterior Window and Louver|Window accessories | G44: SUB040 | I44: Sub Structure|Pile Cap & Stump|Waterproofing | J44: DSC040
F45: Exterior floor|Screeding | G45: SUB041 | I45: Sub Structure|Pile Cap & Stump|Anti-Termite | J45: DSC041
... F128: Interior Wall Finishes|Toilet Wall tile | G128: SUB124 | I128: Super Structure|Structural Slab|Steel Deck | J128: DSC124
I129: Super Structure|Structural Wall|Concrete | J129: DSC125
I130: Super Structure|Structural Wall|Formwork | J130: DSC126
I131: Super Structure|Structural Wall|Rebar | J131: DSC127
I132: Super Structure|Structural Wall|Steel Tie Wire | J132: DSC128
I133: Super Structure|Structural Wall|Water Stop | J133: DSC129
I134: Super Structure|Structural Staircase|Concrete | J134: DSC130
I135: Super Structure|Structural Staircase|Formwork | J135: DSC131
I136: Super Structure|Structural Staircase|Rebar | J136: DSC132
I137: Super Structure|Structural Staircase|Steel Tie Wire | J137: DSC133
I138: Super Structure|Parapet wall & Stiffener Column|Concrete | J138: DSC134
I139: Super Structure|Parapet wall & Stiffener Column|Formwork | J139: DSC135
I140: Super Structure|Parapet wall & Stiffener Column|Rebar | J140: DSC136
... I524: Interior Wall Finishes|Toilet Wall tile|Toilet Wall tile | J524: DSC520

Sheet Naming Standard
A1: NAMING STANDARD & DUPLICATE WARNING
A2: Inconsistent spelling splits SUMIFS roll-ups. These variants exist in the current project file — standardise on the left column.
A4: Use this (standard) | B4: Do NOT use (variant found) | C4: Why it matters
A5: Interior Wall Finishes | B5: Internal Wall Finishes | C5: Two spellings = two separate D.01 groups in the BoQ
A6: Interior Floor Finishes | B6: Internal Floor Finishes | C6: Two spellings = two separate D.02 groups
A7: Ceiling Finishes | B7: Ceiling Finshes | C7: Typo in current file — breaks lookup against Budget Code list
A8: Exterior Wall and Partition | B8: External Wall and Partition | C8: Budget Code C.01 wording
A9: Exterior Window and Louver | B9: External Windows and Louvers | C9: Budget Code C.04 wording
A10: Interior Doors | B10: Interior Door | C10: Budget Code C.10 wording
A11: Handrail | B11: Handrail on staircase | C11: Keep Sub Section = Handrail; put location in Sub Element / Description
A12: (no trailing spaces) | B12: "Formwork " / "Marble on staircase " | C12: Trailing spaces silently zero-out SUMIFS — always TRIM
A14: RULES OF USE
A15: 1. Section = Budget Code element (e.g. Interior Wall Finishes). One Section = one Budget Code.
A16: 2. Sub Section = work type / trade package (e.g. Plastering, Hollow clay brick, Lighting).
A17: 3. Sub Element = the item measured (e.g. Toilet Wall tile, Emergency light).
A18: 4. Description (Material Type) = the priced specification wording. THIS is what the rate attaches to.
A19: 5. Structure differs: Sub Section = structural element (Structural Beam); Sub Element = work type (Concrete, Rebar, Formwork).
A20: 6. Descriptions marked "In Price List = Yes" already carry a rate in the current project — reuse them for consistency.
A21: 7. Always edit sizes / grades in the Description to match the specification before pricing.
A22: 8. Never retype a Section or Description — copy from this library so the spelling never drifts.
